Rank,teamId,teamImageId,teamFullName,team,teamAbbrevName,teamShortName,newestTeamColor,leagueId,leagueName,MinIncET,DistanceRun,WalkDist,JogDist,RunDist,HiSpeedRunDist,SprintDist,WalkCount,JogCount,RunCount,HiSpeedRunCount,SprintCount,optaTeamId,week,game,home,away,win,draw,loss,date,gameId,opponentId,opponentTeamImageId,oppOptaTeamId,teamFullName.1,opponentFullName,opponent,score,finalScoreOpponent,gameStatus,result,scatterId,scatterExtra
Rank,teamId,teamImageId,teamFullName,Team,teamAbbrevName,teamShortName,newestTeamColor,leagueId,leagueName,MinIncET,DistanceRun,WalkDist,JogDist,RunDist,HiSpeedRunDist,SprintDist,WalkCount,JogCount,RunCount,HiSpeedRunCount,SprintCount,optaTeamId,Week,game,Home,Away,Win,Draw,Loss,Date,gameId,opponentId,opponentTeamImageId,oppOptaTeamId,teamFullName,opponentFullName,opponent,score,finalScoreOpponent,gameStatus,Result,scatterId,scatterExtra
1,75gwk94q9jkoh78jk8nlay4xj,2298,Laval,Laval,LAV,Laval,#FFA500,4w7x0s5gfs5abasphlha5de8k,Ligue 2 (France),1118,"120,414","34,223","58,058","18,047",7249.3,2411.7,3665,5196,1321,454,115,2298,1,LAV vs ASS,true,false,false,true,false,2025-08-09,6vemabv9mq6cpahxryv89ludw,2sc9xfhu6tbru9hhlhr4a89zn,152,152,Laval,Saint-Étienne,ASS,3,3,Played,T 3-3,2568747,LAV vs ASS (2025-08-09)
1,2cjpmotqo8phcqfpgo9xf4gel,147,Montpellier,Montpellier,MON,Montpellier,#0000FF,4w7x0s5gfs5abasphlha5de8k,Ligue 2 (France),1152,"112,598","36,072","54,597","15,064",5113.7,1384.4,3462,4657,1101,326,71,147,1,MON vs RED,true,false,false,true,false,2025-08-09,6uy5qate8bu1av4y0fkb1bdhw,7qdfg7vuzf70wurnpx0bawlqk,915,915,Montpellier,Red Star,RED,1,1,Played,T 1-1,2568746,MON vs RED (2025-08-09)
1,17o35s8assv3kamxowzz77k4r,1983,Clermont,Clermont,CLE,Clermont,#FF0033,4w7x0s5gfs5abasphlha5de8k,Ligue 2 (France),1108,"113,318","34,135","55,938","16,325",5400.3,1566.0,3517,4799,1184,353,79,1983,1,DUN vs CLE,false,true,false,true,false,2025-08-09,6tzzjuh4apxy6ukdv20gqj7dg,15ip1h6m0b4e8xfi597y5uo5u,3288,3288,Clermont,Dunkerque,DUN,2,2,Played,T 2-2,2568744,DUN vs CLE (2025-08-09)
1,e9mmk1w7cem6r4wysgassacef,428,Guingamp,Guingamp,EAG,Guingamp,#CC0033,4w7x0s5gfs5abasphlha5de8k,Ligue 2 (France),1164,"118,768","36,400","57,470","15,558",5925.6,1957.5,3588,4956,1155,363,97,428,1,EAG vs LEM,true,false,false,true,false,2025-08-09,6rlyt989yctv1sjsrxkrgdxck,bj8hrmj01r3zit0x8r6qm2eu2,920,920,Guingamp,Le Mans,LEM,3,3,Played,T 3-3,2568739,EAG vs LEM (2025-08-09)
1,69b9aoly33h1gpicvxtfteoug,148,Nancy,Nancy,NAC,Nancy,#ff0000,4w7x0s5gfs5abasphlha5de8k,Ligue 2 (France),1131,"117,020","35,466","53,928","17,076",6954.9,2341.4,3317,4633,1228,440,109,148,1,RAF vs NAC,false,true,false,true,false,2025-08-09,6tjnfksm3c2s3flr5plnv1dlg,2u30h0xpbfzv0byj4j7d8c4ug,3308,3308,Nancy,Rodez,RAF,0,0,Played,T 0-0,2568743,RAF vs NAC (2025-08-09)
1,2u30h0xpbfzv0byj4j7d8c4ug,3308,Rodez,Rodez,RAF,Rodez,#FF0000,4w7x0s5gfs5abasphlha5de8k,Ligue 2 (France),1131,"112,592","36,241","53,196","14,568",6193.6,2790.0,3356,4535,1068,374,127,3308,1,RAF vs NAC,true,false,false,true,false,2025-08-09,6tjnfksm3c2s3flr5plnv1dlg,69b9aoly33h1gpicvxtfteoug,148,148,Rodez,Nancy,NAC,0,0,Played,T 0-0,2568743,RAF vs NAC (2025-08-09)
1,bj8hrmj01r3zit0x8r6qm2eu2,920,Le Mans,Le Mans,LEM,Le Mans,#FF3300,4w7x0s5gfs5abasphlha5de8k,Ligue 2 (France),1164,"122,885","35,344","57,534","18,524",6690.1,2453.3,3468,4996,1339,430,117,920,1,EAG vs LEM,false,true,false,true,false,2025-08-09,6rlyt989yctv1sjsrxkrgdxck,e9mmk1w7cem6r4wysgassacef,428,428,Le Mans,Guingamp,EAG,3,3,Played,T 3-3,2568739,EAG vs LEM (2025-08-09)
1,7qdfg7vuzf70wurnpx0bawlqk,915,Red Star,Red Star,RED,Red Star,#008000,4w7x0s5gfs5abasphlha5de8k,Ligue 2 (France),1152,"115,623","36,036","55,714","16,061",5725.9,1277.0,3483,4768,1176,362,67,915,1,MON vs RED,false,true,false,true,false,2025-08-09,6uy5qate8bu1av4y0fkb1bdhw,2cjpmotqo8phcqfpgo9xf4gel,147,147,Red Star,Montpellier,MON,1,1,Played,T 1-1,2568746,MON vs RED (2025-08-09)
1,25s5qx846iw05y8t9pinrbhh1,5420,Pau,Pau,PAU,Pau,#FFFF00,4w7x0s5gfs5abasphlha5de8k,Ligue 2 (France),1111,"114,281","35,593","54,440","14,740",5604.2,1947.4,3556,4777,1096,342,92,5420,1,PAU vs ANN,true,false,true,false,false,2025-08-09,6smgq75g6fhdh2drxw4sxcems,6sqrk45zcfgwpq97no19o9sk5,11426,11426,Pau,Annecy,ANN,2,0,Played,W 2-0,2568741,PAU vs ANN (2025-08-09)
1,2sc9xfhu6tbru9hhlhr4a89zn,152,Saint-Étienne,Saint-Étienne,ASS,Saint-Étienne,#009933,4w7x0s5gfs5abasphlha5de8k,Ligue 2 (France),1119,"119,803","33,857","58,585","18,678",6738.6,2223.1,3723,5349,1348,416,106,152,1,LAV vs ASS,false,true,false,true,false,2025-08-09,6vemabv9mq6cpahxryv89ludw,75gwk94q9jkoh78jk8nlay4xj,2298,2298,Saint-Étienne,Laval,LAV,3,3,Played,T 3-3,2568747,LAV vs ASS (2025-08-09)
1,2ku5qqmv6i842rujioksaatx7,1272,Grenoble,Grenoble,GRE,Grenoble,#014898,4w7x0s5gfs5abasphlha5de8k,Ligue 2 (France),1047,"116,477","32,512","59,301","17,256",5935.9,1577.6,3475,4951,1255,379,82,1272,1,TRO vs GRE,false,true,false,false,true,2025-08-09,6s625hzzm0invywuw9gwzqpec,3unkqo2g6ag99gd5ynz1j7vse,154,154,Grenoble,Troyes,TRO,1,2,Played,L 1-2,2568740,TRO vs GRE (2025-08-09)
1,3unkqo2g6ag99gd5ynz1j7vse,154,Troyes,Troyes,TRO,Troyes,#0000CC,4w7x0s5gfs5abasphlha5de8k,Ligue 2 (France),1103,"119,262","34,944","60,805","15,303",5845.2,1938.2,3677,4997,1135,363,91,154,1,TRO vs GRE,true,false,true,false,false,2025-08-09,6s625hzzm0invywuw9gwzqpec,2ku5qqmv6i842rujioksaatx7,1272,1272,Troyes,Grenoble,GRE,2,1,Played,W 2-1,2568740,TRO vs GRE (2025-08-09)
15,3c3jcs7vc1t6vz5lev162jyv7,1423,Reims,Reims,SR,Reims,#FF0000,4w7x0s5gfs5abasphlha5de8k,Ligue 2 (France),1128,"113,189","35,726","53,099","15,942",6448.1,2293.7,3548,4828,1190,404,111,1423,1,AMI vs SR,false,true,false,true,false,2025-08-11,6ugedi8p8goe2mw3zf02ymz9w,5191cnvhmuct5kn7yvr0nvd9d,1430,1430,Reims,Amiens SC,AMI,2,2,Played,T 2-2,2568745,AMI vs SR (2025-08-11)
15,5191cnvhmuct5kn7yvr0nvd9d,1430,Amiens SC,Amiens SC,AMI,Amiens,#D3D3D3,4w7x0s5gfs5abasphlha5de8k,Ligue 2 (France),1128,"113,190","35,468","54,416","14,716",5567.4,2185.3,3635,4927,1116,352,100,1430,1,AMI vs SR,true,false,false,true,false,2025-08-11,6ugedi8p8goe2mw3zf02ymz9w,3c3jcs7vc1t6vz5lev162jyv7,1423,1423,Amiens SC,Reims,SR,2,2,Played,T 2-2,2568745,AMI vs SR (2025-08-11)
17,75gwk94q9jkoh78jk8nlay4xj,2298,Laval,Laval,LAV,Laval,#FFA500,4w7x0s5gfs5abasphlha5de8k,Ligue 2 (France),1078,"109,788","35,360","52,310","14,151",5508.6,2067.1,3357,4491,1025,333,96,2298,2,GRE vs LAV,false,true,false,true,false,2025-08-15,6yqerrkqnosap81czlpmgw178,2ku5qqmv6i842rujioksaatx7,1272,1272,Laval,Grenoble,GRE,1,1,Played,T 1-1,2568756,GRE vs LAV (2025-08-15)
17,9az8hqkkijc34ol021425ixg5,2129,Boulogne,Boulogne,BOU,Boulogne,#ff0000,4w7x0s5gfs5abasphlha5de8k,Ligue 2 (France),1078,"110,603","34,740","53,392","15,315",5526.5,1818.9,3348,4662,1111,339,99,2129,2,NAC vs BOU,false,true,false,false,true,2025-08-15,6y007hacply6kw7qd0aebwob8,69b9aoly33h1gpicvxtfteoug,148,148,Boulogne,Nancy,NAC,0,1,Played,L 0-1,2568754,NAC vs BOU (2025-08-15)
17,17o35s8assv3kamxowzz77k4r,1983,Clermont,Clermont,CLE,Clermont,#FF0033,4w7x0s5gfs5abasphlha5de8k,Ligue 2 (France),1113,"112,167","35,784","51,668","15,977",6247.2,2238.8,3369,4565,1181,394,102,1983,2,CLE vs TRO,true,false,false,true,false,2025-08-15,6x9jq16wpcfw0e8cc60z47huc,3unkqo2g6ag99gd5ynz1j7vse,154,154,Clermont,Troyes,TRO,0,0,Played,T 0-0,2568752,CLE vs TRO (2025-08-15)
17,69b9aoly33h1gpicvxtfteoug,148,Nancy,Nancy,NAC,Nancy,#ff0000,4w7x0s5gfs5abasphlha5de8k,Ligue 2 (France),1078,"112,970","34,526","54,191","15,738",5861.6,1905.7,3291,4670,1135,365,96,148,2,NAC vs BOU,true,false,true,false,false,2025-08-15,6y007hacply6kw7qd0aebwob8,9az8hqkkijc34ol021425ixg5,2129,2129,Nancy,Boulogne,BOU,1,0,Played,W 1-0,2568754,NAC vs BOU (2025-08-15)
17,5191cnvhmuct5kn7yvr0nvd9d,1430,Amiens SC,Amiens SC,AMI,Amiens,#D3D3D3,4w7x0s5gfs5abasphlha5de8k,Ligue 2 (France),1132,"120,552","35,732","61,237","14,768",5378.8,2227.8,3991,5292,1069,335,101,1430,2,RED vs AMI,false,true,true,false,false,2025-08-15,6yd8w0a95rnvzos1kttmo95w4,7qdfg7vuzf70wurnpx0bawlqk,915,915,Amiens SC,Red Star,RED,3,1,Played,W 3-1,2568755,RED vs AMI (2025-08-15)
17,7qdfg7vuzf70wurnpx0bawlqk,915,Red Star,Red Star,RED,Red Star,#008000,4w7x0s5gfs5abasphlha5de8k,Ligue 2 (France),1132,"122,822","35,518","62,630","16,468",6220.0,2100.5,3885,5362,1199,378,103,915,2,RED vs AMI,true,false,false,false,true,2025-08-15,6yd8w0a95rnvzos1kttmo95w4,5191cnvhmuct5kn7yvr0nvd9d,1430,1430,Red Star,Amiens SC,AMI,1,3,Played,L 1-3,2568755,RED vs AMI (2025-08-15)
17,25s5qx846iw05y8t9pinrbhh1,5420,Pau,Pau,PAU,Pau,#FFFF00,4w7x0s5gfs5abasphlha5de8k,Ligue 2 (France),1100,"112,220","34,641","52,871","15,419",6166.0,2177.6,3306,4512,1117,370,101,5420,2,SCB vs PAU,false,true,false,true,false,2025-08-15,6wwd59p1255zf9nx2xrwzd3is,6l07ga27xfsr7485fuc1ilkkc,139,139,Pau,Bastia,SCB,1,1,Played,T 1-1,2568751,SCB vs PAU (2025-08-15)
17,6l07ga27xfsr7485fuc1ilkkc,139,Bastia,Bastia,SCB,Bastia,#0000FF,4w7x0s5gfs5abasphlha5de8k,Ligue 2 (France),1100,"111,828","34,122","53,002","15,820",6266.4,2555.6,3142,4315,1129,386,118,139,2,SCB vs PAU,true,false,false,true,false,2025-08-15,6wwd59p1255zf9nx2xrwzd3is,25s5qx846iw05y8t9pinrbhh1,5420,5420,Bastia,Pau,PAU,1,1,Played,T 1-1,2568751,SCB vs PAU (2025-08-15)
17,2ku5qqmv6i842rujioksaatx7,1272,Grenoble,Grenoble,GRE,Grenoble,#014898,4w7x0s5gfs5abasphlha5de8k,Ligue 2 (France),1078,"113,040","33,392","56,146","15,430",6130.1,2185.9,3312,4594,1130,377,104,1272,2,GRE vs LAV,true,false,false,true,false,2025-08-15,6yqerrkqnosap81czlpmgw178,75gwk94q9jkoh78jk8nlay4xj,2298,2298,Grenoble,Laval,LAV,1,1,Played,T 1-1,2568756,GRE vs LAV (2025-08-15)
17,3unkqo2g6ag99gd5ynz1j7vse,154,Troyes,Troyes,TRO,Troyes,#0000CC,4w7x0s5gfs5abasphlha5de8k,Ligue 2 (France),1113,"113,322","34,799","54,500","15,233",6021.0,2549.3,3465,4779,1102,363,116,154,2,CLE vs TRO,false,true,false,true,false,2025-08-15,6x9jq16wpcfw0e8cc60z47huc,17o35s8assv3kamxowzz77k4r,1983,1983,Troyes,Clermont,CLE,0,0,Played,T 0-0,2568752,CLE vs TRO (2025-08-15)
27,3c3jcs7vc1t6vz5lev162jyv7,1423,Reims,Reims,SR,Reims,#FF0000,4w7x0s5gfs5abasphlha5de8k,Ligue 2 (France),1082,"113,280","34,402","54,551","15,485",6135.1,2412.9,3503,4735,1134,381,112,1423,2,SR vs EAG,true,false,true,false,false,2025-08-16,6vs34tzie5tcrje0ipwlkdc0k,e9mmk1w7cem6r4wysgassacef,428,428,Reims,Guingamp,EAG,1,0,Played,W 1-0,2568748,SR vs EAG (2025-08-16)
27,e9mmk1w7cem6r4wysgassacef,428,Guingamp,Guingamp,EAG,Guingamp,#CC0033,4w7x0s5gfs5abasphlha5de8k,Ligue 2 (France),1082,"113,101","34,712","55,295","15,565",5718.1,1800.7,3642,4963,1136,358,91,428,2,SR vs EAG,false,true,false,false,true,2025-08-16,6vs34tzie5tcrje0ipwlkdc0k,3c3jcs7vc1t6vz5lev162jyv7,1423,1423,Guingamp,Reims,SR,0,1,Played,L 0-1,2568748,SR vs EAG (2025-08-16)
27,2u30h0xpbfzv0byj4j7d8c4ug,3308,Rodez,Rodez,RAF,Rodez,#FF0000,4w7x0s5gfs5abasphlha5de8k,Ligue 2 (France),1067,"116,238","33,128","57,530","17,058",6605.2,2119.7,3561,4996,1240,411,104,3308,2,ASS vs RAF,false,true,false,false,true,2025-08-16,6wj23v8y9o60ygqorx095nc44,2sc9xfhu6tbru9hhlhr4a89zn,152,152,Rodez,Saint-Étienne,ASS,0,4,Played,L 0-4,2568750,ASS vs RAF (2025-08-16)
27,2sc9xfhu6tbru9hhlhr4a89zn,152,Saint-Étienne,Saint-Étienne,ASS,Saint-Étienne,#009933,4w7x0s5gfs5abasphlha5de8k,Ligue 2 (France),1067,"113,587","34,128","53,504","16,075",6824.1,2613.6,3463,4777,1169,413,124,152,2,ASS vs RAF,true,false,true,false,false,2025-08-16,6wj23v8y9o60ygqorx095nc44,2u30h0xpbfzv0byj4j7d8c4ug,3308,3308,Saint-Étienne,Rodez,RAF,4,0,Played,W 4-0,2568750,ASS vs RAF (2025-08-16)
33,2cjpmotqo8phcqfpgo9xf4gel,147,Montpellier,Montpellier,MON,Montpellier,#0000FF,4w7x0s5gfs5abasphlha5de8k,Ligue 2 (France),1120,"110,551","35,003","52,593","14,144",5659.9,1669.3,3464,4654,1036,357,85,147,2,LEM vs MON,false,true,true,false,false,2025-08-18,6w5h45zew2mzky69t6yl7bndg,bj8hrmj01r3zit0x8r6qm2eu2,920,920,Montpellier,Le Mans,LEM,2,1,Played,W 2-1,2568749,LEM vs MON (2025-08-18)
33,bj8hrmj01r3zit0x8r6qm2eu2,920,Le Mans,Le Mans,LEM,Le Mans,#FF3300,4w7x0s5gfs5abasphlha5de8k,Ligue 2 (France),1120,"113,548","35,264","52,664","16,366",6287.4,2264.4,3432,4682,1182,388,101,920,2,LEM vs MON,true,false,false,false,true,2025-08-18,6w5h45zew2mzky69t6yl7bndg,2cjpmotqo8phcqfpgo9xf4gel,147,147,Le Mans,Montpellier,MON,1,2,Played,L 1-2,2568749,LEM vs MON (2025-08-18)
35,75gwk94q9jkoh78jk8nlay4xj,2298,Laval,Laval,LAV,Laval,#FFA500,4w7x0s5gfs5abasphlha5de8k,Ligue 2 (France),1074,"114,511","33,952","56,896","15,959",5894.8,1704.6,3581,4842,1172,366,85,2298,3,RAF vs LAV,false,true,false,true,false,2025-08-22,6z3oxesfe2sezab4ty1pu8w0k,2u30h0xpbfzv0byj4j7d8c4ug,3308,3308,Laval,Rodez,RAF,1,1,Played,T 1-1,2568757,RAF vs LAV (2025-08-22)
35,17o35s8assv3kamxowzz77k4r,1983,Clermont,Clermont,CLE,Clermont,#FF0033,4w7x0s5gfs5abasphlha5de8k,Ligue 2 (France),1127,"117,984","35,267","58,205","17,016",6269.3,1824.8,3648,4920,1241,395,93,1983,3,CLE vs GRE,true,false,true,false,false,2025-08-22,7091mv4ldnrlcs9x2q4g5q61g,2ku5qqmv6i842rujioksaatx7,1272,1272,Clermont,Grenoble,GRE,2,1,Played,W 2-1,2568760,CLE vs GRE (2025-08-22)
35,69b9aoly33h1gpicvxtfteoug,148,Nancy,Nancy,NAC,Nancy,#ff0000,4w7x0s5gfs5abasphlha5de8k,Ligue 2 (France),1105,"119,563","33,935","58,555","18,417",7071.8,1777.2,3394,4906,1326,434,89,148,3,DUN vs NAC,false,true,true,false,false,2025-08-22,70zrm3dq276hv08a0qf93yo7o,15ip1h6m0b4e8xfi597y5uo5u,3288,3288,Nancy,Dunkerque,DUN,3,1,Played,W 3-1,2568762,DUN vs NAC (2025-08-22)
35,2u30h0xpbfzv0byj4j7d8c4ug,3308,Rodez,Rodez,RAF,Rodez,#FF0000,4w7x0s5gfs5abasphlha5de8k,Ligue 2 (France),1074,"113,649","33,382","57,297","15,444",5979.7,1970.8,3615,4902,1143,370,99,3308,3,RAF vs LAV,true,false,false,true,false,2025-08-22,6z3oxesfe2sezab4ty1pu8w0k,75gwk94q9jkoh78jk8nlay4xj,2298,2298,Rodez,Laval,LAV,1,1,Played,T 1-1,2568757,RAF vs LAV (2025-08-22)
35,5191cnvhmuct5kn7yvr0nvd9d,1430,Amiens SC,Amiens SC,AMI,Amiens,#D3D3D3,4w7x0s5gfs5abasphlha5de8k,Ligue 2 (France),1093,"115,066","35,347","54,601","15,815",6274.2,2143.1,3535,4796,1168,393,105,1430,3,AMI vs ANN,true,false,false,false,true,2025-08-22,6zvopg9mph2yta00th4rfvnys,6sqrk45zcfgwpq97no19o9sk5,11426,11426,Amiens SC,Annecy,ANN,0,1,Played,L 0-1,2568759,AMI vs ANN (2025-08-22)
35,bj8hrmj01r3zit0x8r6qm2eu2,920,Le Mans,Le Mans,LEM,Le Mans,#FF3300,4w7x0s5gfs5abasphlha5de8k,Ligue 2 (France),1122,"116,409","34,625","51,968","20,054",8087.7,2539.8,3173,4631,1434,499,122,920,3,LEM vs SCB,true,false,true,false,false,2025-08-22,6zguxq5tx5mwkb0ovxy0eubys,6l07ga27xfsr7485fuc1ilkkc,139,139,Le Mans,Bastia,SCB,1,0,Played,W 1-0,2568758,LEM vs SCB (2025-08-22)
35,6l07ga27xfsr7485fuc1ilkkc,139,Bastia,Bastia,SCB,Bastia,#0000FF,4w7x0s5gfs5abasphlha5de8k,Ligue 2 (France),1122,"110,242","34,750","51,683","15,669",6341.2,2313.5,3250,4483,1135,383,113,139,3,LEM vs SCB,false,true,false,false,true,2025-08-22,6zguxq5tx5mwkb0ovxy0eubys,bj8hrmj01r3zit0x8r6qm2eu2,920,920,Bastia,Le Mans,LEM,0,1,Played,L 0-1,2568758,LEM vs SCB (2025-08-22)
35,2ku5qqmv6i842rujioksaatx7,1272,Grenoble,Grenoble,GRE,Grenoble,#014898,4w7x0s5gfs5abasphlha5de8k,Ligue 2 (France),1127,"122,896","33,450","62,462","18,834",7041.2,2024.0,3614,5224,1359,436,100,1272,3,CLE vs GRE,false,true,false,false,true,2025-08-22,7091mv4ldnrlcs9x2q4g5q61g,17o35s8assv3kamxowzz77k4r,1983,1983,Grenoble,Clermont,CLE,1,2,Played,L 1-2,2568760,CLE vs GRE (2025-08-22)
45,9az8hqkkijc34ol021425ixg5,2129,Boulogne,Boulogne,BOU,Boulogne,#ff0000,4w7x0s5gfs5abasphlha5de8k,Ligue 2 (France),1093,"121,453","32,914","64,345","16,247",5979.7,2369.9,3867,5320,1178,376,113,2129,3,BOU vs ASS,true,false,false,false,true,2025-08-23,71d2h65uv2r59qphdnsyxghlg,2sc9xfhu6tbru9hhlhr4a89zn,152,152,Boulogne,Saint-Étienne,ASS,0,1,Played,L 0-1,2568763,BOU vs ASS (2025-08-23)
45,2cjpmotqo8phcqfpgo9xf4gel,147,Montpellier,Montpellier,MON,Montpellier,#0000FF,4w7x0s5gfs5abasphlha5de8k,Ligue 2 (France),996,"104,576","31,692","52,044","13,268",5249.3,2382.0,3318,4422,968,327,108,147,3,TRO vs MON,false,true,false,false,true,2025-08-23,723nvtseo41ccjkxnceoqlb84,3unkqo2g6ag99gd5ynz1j7vse,154,154,Montpellier,Troyes,TRO,0,1,Played,L 0-1,2568765,TRO vs MON (2025-08-23)
45,e9mmk1w7cem6r4wysgassacef,428,Guingamp,Guingamp,EAG,Guingamp,#CC0033,4w7x0s5gfs5abasphlha5de8k,Ligue 2 (France),1091,"112,933","34,963","54,769","15,369",5634.0,1745.1,3556,4844,1128,347,88,428,3,EAG vs RED,true,false,false,false,true,2025-08-23,70mei2eflbitwr1cvguwp7z10,7qdfg7vuzf70wurnpx0bawlqk,915,915,Guingamp,Red Star,RED,0,4,Played,L 0-4,2568761,EAG vs RED (2025-08-23)
45,7qdfg7vuzf70wurnpx0bawlqk,915,Red Star,Red Star,RED,Red Star,#008000,4w7x0s5gfs5abasphlha5de8k,Ligue 2 (France),1091,"115,098","34,092","57,210","16,142",5916.1,1652.3,3553,4887,1184,372,84,915,3,EAG vs RED,false,true,true,false,false,2025-08-23,70mei2eflbitwr1cvguwp7z10,e9mmk1w7cem6r4wysgassacef,428,428,Red Star,Guingamp,EAG,4,0,Played,W 4-0,2568761,EAG vs RED (2025-08-23)
45,2sc9xfhu6tbru9hhlhr4a89zn,152,Saint-Étienne,Saint-Étienne,ASS,Saint-Étienne,#009933,4w7x0s5gfs5abasphlha5de8k,Ligue 2 (France),1093,"113,904","34,408","57,213","14,935",5822.9,2163.1,3694,5060,1090,343,105,152,3,BOU vs ASS,false,true,true,false,false,2025-08-23,71d2h65uv2r59qphdnsyxghlg,9az8hqkkijc34ol021425ixg5,2129,2129,Saint-Étienne,Boulogne,BOU,1,0,Played,W 1-0,2568763,BOU vs ASS (2025-08-23)
45,3unkqo2g6ag99gd5ynz1j7vse,154,Troyes,Troyes,TRO,Troyes,#0000CC,4w7x0s5gfs5abasphlha5de8k,Ligue 2 (France),1076,"110,257","35,446","52,864","13,729",5770.3,2397.4,3485,4598,997,358,110,154,3,TRO vs MON,true,false,true,false,false,2025-08-23,723nvtseo41ccjkxnceoqlb84,2cjpmotqo8phcqfpgo9xf4gel,147,147,Troyes,Montpellier,MON,1,0,Played,W 1-0,2568765,TRO vs MON (2025-08-23)
51,3c3jcs7vc1t6vz5lev162jyv7,1423,Reims,Reims,SR,Reims,#FF0000,4w7x0s5gfs5abasphlha5de8k,Ligue 2 (France),1095,"112,322","34,651","53,336","15,055",6627.0,2236.4,3567,4707,1098,407,109,1423,3,PAU vs SR,false,true,false,false,true,2025-08-25,71qf19d9ihucpqi59ilvsn5zo,25s5qx846iw05y8t9pinrbhh1,5420,5420,Reims,Pau,PAU,0,2,Played,L 0-2,2568764,PAU vs SR (2025-08-25)
51,25s5qx846iw05y8t9pinrbhh1,5420,Pau,Pau,PAU,Pau,#FFFF00,4w7x0s5gfs5abasphlha5de8k,Ligue 2 (France),1095,"114,367","35,048","56,464","15,235",5889.6,2218.5,3678,4925,1119,370,100,5420,3,PAU vs SR,true,false,true,false,false,2025-08-25,71qf19d9ihucpqi59ilvsn5zo,3c3jcs7vc1t6vz5lev162jyv7,1423,1423,Pau,Reims,SR,2,0,Played,W 2-0,2568764,PAU vs SR (2025-08-25)
53,75gwk94q9jkoh78jk8nlay4xj,2298,Laval,Laval,LAV,Laval,#FFA500,4w7x0s5gfs5abasphlha5de8k,Ligue 2 (France),1067,"117,358","33,481","57,757","16,604",6924.2,2144.2,3658,4997,1214,423,105,2298,4,LAV vs CLE,true,false,false,true,false,2025-08-29,73kmiivl33jvz2nl5l358jt3o,17o35s8assv3kamxowzz77k4r,1983,1983,Laval,Clermont,CLE,0,0,Played,T 0-0,2568769,LAV vs CLE (2025-08-29)
53,9az8hqkkijc34ol021425ixg5,2129,Boulogne,Boulogne,BOU,Boulogne,#ff0000,4w7x0s5gfs5abasphlha5de8k,Ligue 2 (France),1023,"114,122","31,382","56,422","16,824",6725.6,2626.4,3375,4699,1223,417,123,2129,4,RAF vs BOU,false,true,false,false,true,2025-08-29,753pwb22rjezot9ofadq47fh0,2u30h0xpbfzv0byj4j7d8c4ug,3308,3308,Boulogne,Rodez,RAF,0,1,Played,L 0-1,2568773,RAF vs BOU (2025-08-29)
53,2cjpmotqo8phcqfpgo9xf4gel,147,Montpellier,Montpellier,MON,Montpellier,#0000FF,4w7x0s5gfs5abasphlha5de8k,Ligue 2 (France),1067,"109,810","34,670","52,071","14,411",5666.1,2269.7,3381,4523,1028,341,104,147,4,MON vs AMI,true,false,false,true,false,2025-08-29,737gzr2tl5nhvd2wvlohdgsno,5191cnvhmuct5kn7yvr0nvd9d,1430,1430,Montpellier,Amiens SC,AMI,1,1,Played,T 1-1,2568768,MON vs AMI (2025-08-29)
53,17o35s8assv3kamxowzz77k4r,1983,Clermont,Clermont,CLE,Clermont,#FF0033,4w7x0s5gfs5abasphlha5de8k,Ligue 2 (France),1067,"115,367","33,612","56,610","17,383",6244.8,1837.9,3552,4838,1262,385,91,1983,4,LAV vs CLE,false,true,false,true,false,2025-08-29,73kmiivl33jvz2nl5l358jt3o,75gwk94q9jkoh78jk8nlay4xj,2298,2298,Clermont,Laval,LAV,0,0,Played,T 0-0,2568769,LAV vs CLE (2025-08-29)
53,69b9aoly33h1gpicvxtfteoug,148,Nancy,Nancy,NAC,Nancy,#ff0000,4w7x0s5gfs5abasphlha5de8k,Ligue 2 (France),1095,"117,977","34,551","55,560","17,856",7150.7,2602.5,3303,4704,1284,445,118,148,4,NAC vs PAU,true,false,false,true,false,2025-08-29,74q6djlvvc33ns79816ot96hg,25s5qx846iw05y8t9pinrbhh1,5420,5420,Nancy,Pau,PAU,2,2,Played,T 2-2,2568772,NAC vs PAU (2025-08-29)
53,2u30h0xpbfzv0byj4j7d8c4ug,3308,Rodez,Rodez,RAF,Rodez,#FF0000,4w7x0s5gfs5abasphlha5de8k,Ligue 2 (France),1066,"113,288","33,797","55,756","15,664",6195.4,2474.4,3490,4843,1160,382,109,3308,4,RAF vs BOU,true,false,true,false,false,2025-08-29,753pwb22rjezot9ofadq47fh0,9az8hqkkijc34ol021425ixg5,2129,2129,Rodez,Boulogne,BOU,1,0,Played,W 1-0,2568773,RAF vs BOU (2025-08-29)
53,5191cnvhmuct5kn7yvr0nvd9d,1430,Amiens SC,Amiens SC,AMI,Amiens,#D3D3D3,4w7x0s5gfs5abasphlha5de8k,Ligue 2 (France),1067,"109,523","34,589","52,119","14,753",5618.9,1688.7,3433,4579,1097,339,79,1430,4,MON vs AMI,false,true,false,true,false,2025-08-29,737gzr2tl5nhvd2wvlohdgsno,2cjpmotqo8phcqfpgo9xf4gel,147,147,Amiens SC,Montpellier,MON,1,1,Played,T 1-1,2568768,MON vs AMI (2025-08-29)
53,7qdfg7vuzf70wurnpx0bawlqk,915,Red Star,Red Star,RED,Red Star,#008000,4w7x0s5gfs5abasphlha5de8k,Ligue 2 (France),1081,"121,786","33,672","59,012","18,523",7217.9,2563.8,3520,5079,1318,455,116,915,4,RED vs ANN,true,false,true,false,false,2025-08-29,73xwc3ggxj75bqfutqyforbbo,6sqrk45zcfgwpq97no19o9sk5,11426,11426,Red Star,Annecy,ANN,1,0,Played,W 1-0,2568770,RED vs ANN (2025-08-29)
53,25s5qx846iw05y8t9pinrbhh1,5420,Pau,Pau,PAU,Pau,#FFFF00,4w7x0s5gfs5abasphlha5de8k,Ligue 2 (France),1095,"118,209","35,211","54,741","17,163",7397.9,2936.6,3451,4802,1248,452,132,5420,4,NAC vs PAU,false,true,false,true,false,2025-08-29,74q6djlvvc33ns79816ot96hg,69b9aoly33h1gpicvxtfteoug,148,148,Pau,Nancy,NAC,2,2,Played,T 2-2,2568772,NAC vs PAU (2025-08-29)
53,3unkqo2g6ag99gd5ynz1j7vse,154,Troyes,Troyes,TRO,Troyes,#0000CC,4w7x0s5gfs5abasphlha5de8k,Ligue 2 (France),1055,"116,739","32,960","59,194","16,979",6244.3,1709.5,3611,5026,1241,399,86,154,4,DUN vs TRO,false,true,false,false,true,2025-08-29,74b0npppj0hnaogqy2vm0k07o,15ip1h6m0b4e8xfi597y5uo5u,3288,3288,Troyes,Dunkerque,DUN,0,2,Played,L 0-2,2568771,DUN vs TRO (2025-08-29)
65,3c3jcs7vc1t6vz5lev162jyv7,1423,Reims,Reims,SR,Reims,#FF0000,4w7x0s5gfs5abasphlha5de8k,Ligue 2 (France),1074,"112,138","35,251","53,235","15,500",6375.2,2344.5,3591,4803,1146,401,114,1423,4,SR vs LEM,true,false,true,false,false,2025-08-30,72u7ake3i08re12v5fxllmwb8,bj8hrmj01r3zit0x8r6qm2eu2,920,920,Reims,Le Mans,LEM,1,0,Played,W 1-0,2568767,SR vs LEM (2025-08-30)
65,e9mmk1w7cem6r4wysgassacef,428,Guingamp,Guingamp,EAG,Guingamp,#CC0033,4w7x0s5gfs5abasphlha5de8k,Ligue 2 (France),1161,"115,934","37,667","55,168","15,252",5418.8,1779.5,3437,4696,1155,363,88,428,4,SCB vs EAG,false,true,true,false,false,2025-08-30,75hlcol3hyufw090inas0ahas,6l07ga27xfsr7485fuc1ilkkc,139,139,Guingamp,Bastia,SCB,3,1,Played,W 3-1,2568774,SCB vs EAG (2025-08-30)
65,bj8hrmj01r3zit0x8r6qm2eu2,920,Le Mans,Le Mans,LEM,Le Mans,#FF3300,4w7x0s5gfs5abasphlha5de8k,Ligue 2 (France),1074,"115,618","34,718","55,043","17,350",6931.3,2176.0,3616,4895,1227,424,103,920,4,SR vs LEM,false,true,false,false,true,2025-08-30,72u7ake3i08re12v5fxllmwb8,3c3jcs7vc1t6vz5lev162jyv7,1423,1423,Le Mans,Reims,SR,0,1,Played,L 0-1,2568767,SR vs LEM (2025-08-30)
65,2sc9xfhu6tbru9hhlhr4a89zn,152,Saint-Étienne,Saint-Étienne,ASS,Saint-Étienne,#009933,4w7x0s5gfs5abasphlha5de8k,Ligue 2 (France),1088,"113,545","35,733","54,514","14,864",5543.1,1942.3,3512,4726,1080,354,90,152,4,ASS vs GRE,true,false,false,true,false,2025-08-30,72gvdvztbb3dn79jidzzxzcb8,2ku5qqmv6i842rujioksaatx7,1272,1272,Saint-Étienne,Grenoble,GRE,1,1,Played,T 1-1,2568766,ASS vs GRE (2025-08-30)
65,6l07ga27xfsr7485fuc1ilkkc,139,Bastia,Bastia,SCB,Bastia,#0000FF,4w7x0s5gfs5abasphlha5de8k,Ligue 2 (France),1161,"110,667","37,445","50,778","14,129",5497.8,1830.3,3306,4345,1045,343,96,139,4,SCB vs EAG,true,false,false,false,true,2025-08-30,75hlcol3hyufw090inas0ahas,e9mmk1w7cem6r4wysgassacef,428,428,Bastia,Guingamp,EAG,1,3,Played,L 1-3,2568774,SCB vs EAG (2025-08-30)
65,2ku5qqmv6i842rujioksaatx7,1272,Grenoble,Grenoble,GRE,Grenoble,#014898,4w7x0s5gfs5abasphlha5de8k,Ligue 2 (France),1083,"119,894","33,115","62,948","17,074",5746.8,1714.4,3678,5124,1264,358,83,1272,4,ASS vs GRE,false,true,false,true,false,2025-08-30,72gvdvztbb3dn79jidzzxzcb8,2sc9xfhu6tbru9hhlhr4a89zn,152,152,Grenoble,Saint-Étienne,ASS,1,1,Played,T 1-1,2568766,ASS vs GRE (2025-08-30)
71,75gwk94q9jkoh78jk8nlay4xj,2298,Laval,Laval,LAV,Laval,#FFA500,4w7x0s5gfs5abasphlha5de8k,Ligue 2 (France),1067,"115,029","33,638","58,353","15,180",5198.9,1370.9,3752,5143,1131,333,70,2298,5,BOU vs LAV,false,true,true,false,false,2025-09-12,76ywnr45sz3upmgkqnba3qqz8,9az8hqkkijc34ol021425ixg5,2129,2129,Laval,Boulogne,BOU,2,1,Played,W 2-1,2568778,BOU vs LAV (2025-09-12)
71,9az8hqkkijc34ol021425ixg5,2129,Boulogne,Boulogne,BOU,Boulogne,#ff0000,4w7x0s5gfs5abasphlha5de8k,Ligue 2 (France),1067,"117,528","32,208","61,292","16,520",5971.8,1688.7,3721,5177,1218,376,98,2129,5,BOU vs LAV,true,false,false,false,true,2025-09-12,76ywnr45sz3upmgkqnba3qqz8,75gwk94q9jkoh78jk8nlay4xj,2298,2298,Boulogne,Laval,LAV,1,2,Played,L 1-2,2568778,BOU vs LAV (2025-09-12)
71,69b9aoly33h1gpicvxtfteoug,148,Nancy,Nancy,NAC,Nancy,#ff0000,4w7x0s5gfs5abasphlha5de8k,Ligue 2 (France),1044,"117,553","32,088","58,222","17,406",6543.4,2085.9,3378,4797,1287,396,93,148,5,TRO vs NAC,false,true,false,false,true,2025-09-12,75uwhlk6mffq63jgxwmpgd3bo,3unkqo2g6ag99gd5ynz1j7vse,154,154,Nancy,Troyes,TRO,0,3,Played,L 0-3,2568775,TRO vs NAC (2025-09-12)
71,2u30h0xpbfzv0byj4j7d8c4ug,3308,Rodez,Rodez,RAF,Rodez,#FF0000,4w7x0s5gfs5abasphlha5de8k,Ligue 2 (France),1090,"119,475","32,857","60,580","18,224",6560.8,1785.5,3657,5155,1335,397,89,3308,5,LEM vs RAF,false,true,true,false,false,2025-09-12,76lfajlqs0btrcjmg71fcrthw,bj8hrmj01r3zit0x8r6qm2eu2,920,920,Rodez,Le Mans,LEM,1,0,Played,W 1-0,2568777,LEM vs RAF (2025-09-12)
71,5191cnvhmuct5kn7yvr0nvd9d,1430,Amiens SC,Amiens SC,AMI,Amiens,#D3D3D3,4w7x0s5gfs5abasphlha5de8k,Ligue 2 (France),1082,"113,565","34,847","54,247","15,142",5915.2,2254.8,3563,4774,1112,367,103,1430,5,AMI vs SCB,true,false,false,true,false,2025-09-12,77posh69351j4c5wz3vutexhw,6l07ga27xfsr7485fuc1ilkkc,139,139,Amiens SC,Bastia,SCB,0,0,Played,T 0-0,2568780,AMI vs SCB (2025-09-12)
71,bj8hrmj01r3zit0x8r6qm2eu2,920,Le Mans,Le Mans,LEM,Le Mans,#FF3300,4w7x0s5gfs5abasphlha5de8k,Ligue 2 (France),1090,"123,090","32,444","59,118","20,543",8091.7,2390.6,4407,5685,1453,495,110,920,5,LEM vs RAF,true,false,false,false,true,2025-09-12,76lfajlqs0btrcjmg71fcrthw,2u30h0xpbfzv0byj4j7d8c4ug,3308,3308,Le Mans,Rodez,RAF,0,1,Played,L 0-1,2568777,LEM vs RAF (2025-09-12)
71,7qdfg7vuzf70wurnpx0bawlqk,915,Red Star,Red Star,RED,Red Star,#008000,4w7x0s5gfs5abasphlha5de8k,Ligue 2 (France),1110,"114,004","35,475","55,421","15,318",6016.3,1838.6,3576,4802,1131,370,90,915,5,PAU vs RED,false,true,true,false,false,2025-09-12,77c8wn9lip33svq6fx9vdusr8,25s5qx846iw05y8t9pinrbhh1,5420,5420,Red Star,Pau,PAU,3,0,Played,W 3-0,2568779,PAU vs RED (2025-09-12)
71,25s5qx846iw05y8t9pinrbhh1,5420,Pau,Pau,PAU,Pau,#FFFF00,4w7x0s5gfs5abasphlha5de8k,Ligue 2 (France),979,"102,813","30,793","50,996","13,928",5494.7,1893.0,3186,4368,1029,344,91,5420,5,PAU vs RED,true,false,false,false,true,2025-09-12,77c8wn9lip33svq6fx9vdusr8,7qdfg7vuzf70wurnpx0bawlqk,915,915,Pau,Red Star,RED,0,3,Played,L 0-3,2568779,PAU vs RED (2025-09-12)
71,6l07ga27xfsr7485fuc1ilkkc,139,Bastia,Bastia,SCB,Bastia,#0000FF,4w7x0s5gfs5abasphlha5de8k,Ligue 2 (France),1082,"112,183","35,013","55,387","14,059",5880.5,2490.9,3496,4691,1023,362,113,139,5,AMI vs SCB,false,true,false,true,false,2025-09-12,77posh69351j4c5wz3vutexhw,5191cnvhmuct5kn7yvr0nvd9d,1430,1430,Bastia,Amiens SC,AMI,0,0,Played,T 0-0,2568780,AMI vs SCB (2025-09-12)
71,3unkqo2g6ag99gd5ynz1j7vse,154,Troyes,Troyes,TRO,Troyes,#0000CC,4w7x0s5gfs5abasphlha5de8k,Ligue 2 (France),1044,"113,866","33,597","55,637","15,645",6366.8,2759.3,3323,4642,1144,390,123,154,5,TRO vs NAC,true,false,true,false,false,2025-09-12,75uwhlk6mffq63jgxwmpgd3bo,69b9aoly33h1gpicvxtfteoug,148,148,Troyes,Nancy,NAC,3,0,Played,W 3-0,2568775,TRO vs NAC (2025-09-12)
81,3c3jcs7vc1t6vz5lev162jyv7,1423,Reims,Reims,SR,Reims,#FF0000,4w7x0s5gfs5abasphlha5de8k,Ligue 2 (France),1120,"113,553","35,089","53,087","16,413",6128.1,2167.8,3481,4749,1170,382,101,1423,5,ANN vs SR,false,true,false,true,false,2025-09-13,78gohrg5ps6juc9z4507ecyz8,6sqrk45zcfgwpq97no19o9sk5,11426,11426,Reims,Annecy,ANN,1,1,Played,T 1-1,2568782,ANN vs SR (2025-09-13)
81,17o35s8assv3kamxowzz77k4r,1983,Clermont,Clermont,CLE,Clermont,#FF0033,4w7x0s5gfs5abasphlha5de8k,Ligue 2 (France),1125,"115,595","34,677","56,913","16,950",5494.3,1519.1,3544,4925,1238,347,72,1983,5,CLE vs ASS,true,false,false,false,true,2025-09-13,7834erzdpzc6gzvqvdxd58etw,2sc9xfhu6tbru9hhlhr4a89zn,152,152,Clermont,Saint-Étienne,ASS,1,2,Played,L 1-2,2568781,CLE vs ASS (2025-09-13)
81,2sc9xfhu6tbru9hhlhr4a89zn,152,Saint-Étienne,Saint-Étienne,ASS,Saint-Étienne,#009933,4w7x0s5gfs5abasphlha5de8k,Ligue 2 (France),1125,"116,202","35,336","56,154","17,320",5895.2,1950.4,3527,4899,1268,372,96,152,5,CLE vs ASS,false,true,true,false,false,2025-09-13,7834erzdpzc6gzvqvdxd58etw,17o35s8assv3kamxowzz77k4r,1983,1983,Saint-Étienne,Clermont,CLE,2,1,Played,W 2-1,2568781,CLE vs ASS (2025-09-13)
81,2ku5qqmv6i842rujioksaatx7,1272,Grenoble,Grenoble,GRE,Grenoble,#014898,4w7x0s5gfs5abasphlha5de8k,Ligue 2 (France),1075,"113,254","33,632","58,216","14,202",5343.5,1793.0,3643,4943,1051,326,88,1272,5,GRE vs DUN,true,false,true,false,false,2025-09-13,7686rhrczzt2f36501ld2udjo,15ip1h6m0b4e8xfi597y5uo5u,3288,3288,Grenoble,Dunkerque,DUN,1,0,Played,W 1-0,2568776,GRE vs DUN (2025-09-13)
87,2cjpmotqo8phcqfpgo9xf4gel,147,Montpellier,Montpellier,MON,Montpellier,#0000FF,4w7x0s5gfs5abasphlha5de8k,Ligue 2 (France),1062,"113,116","34,416","55,364","14,963",6037.6,2160.8,3569,4793,1101,367,99,147,5,EAG vs MON,false,true,false,false,true,2025-09-15,78u4uaf0zwupnkle8wt1lmmtw,e9mmk1w7cem6r4wysgassacef,428,428,Montpellier,Guingamp,EAG,0,1,Played,L 0-1,2568783,EAG vs MON (2025-09-15)
87,e9mmk1w7cem6r4wysgassacef,428,Guingamp,Guingamp,EAG,Guingamp,#CC0033,4w7x0s5gfs5abasphlha5de8k,Ligue 2 (France),1062,"115,693","33,797","58,439","15,677",5722.4,2420.2,3697,4975,1153,351,101,428,5,EAG vs MON,true,false,true,false,false,2025-09-15,78u4uaf0zwupnkle8wt1lmmtw,2cjpmotqo8phcqfpgo9xf4gel,147,147,Guingamp,Montpellier,MON,1,0,Played,W 1-0,2568783,EAG vs MON (2025-09-15)
89,9az8hqkkijc34ol021425ixg5,2129,Boulogne,Boulogne,BOU,Boulogne,#ff0000,4w7x0s5gfs5abasphlha5de8k,Ligue 2 (France),1112,"116,603","33,603","57,742","15,580",6819.0,2543.8,3517,4829,1158,406,124,2129,1,BOU vs SCB,true,false,true,false,false,2025-09-16,6t3e5585n7chtz6xfqjht2qz8,6l07ga27xfsr7485fuc1ilkkc,139,139,Boulogne,Bastia,SCB,1,0,Played,W 1-0,2568742,BOU vs SCB (2025-09-16)
89,6l07ga27xfsr7485fuc1ilkkc,139,Bastia,Bastia,SCB,Bastia,#0000FF,4w7x0s5gfs5abasphlha5de8k,Ligue 2 (France),1112,"110,685","35,059","53,759","14,064",5951.0,2683.1,3427,4652,1034,362,125,139,1,BOU vs SCB,false,true,false,false,true,2025-09-16,6t3e5585n7chtz6xfqjht2qz8,9az8hqkkijc34ol021425ixg5,2129,2129,Bastia,Boulogne,BOU,0,1,Played,L 0-1,2568742,BOU vs SCB (2025-09-16)
91,75gwk94q9jkoh78jk8nlay4xj,2298,Laval,Laval,LAV,Laval,#FFA500,4w7x0s5gfs5abasphlha5de8k,Ligue 2 (France),1088,"108,338","34,470","54,173","13,936",4875.7,1124.2,3343,4543,1009,301,61,2298,6,LAV vs AMI,true,false,false,false,true,2025-09-19,7b4t5hazk3yacybkl76uoy6ms,5191cnvhmuct5kn7yvr0nvd9d,1430,1430,Laval,Amiens SC,AMI,0,3,Played,L 0-3,2568789,LAV vs AMI (2025-09-19)
91,9az8hqkkijc34ol021425ixg5,2129,Boulogne,Boulogne,BOU,Boulogne,#ff0000,4w7x0s5gfs5abasphlha5de8k,Ligue 2 (France),1099,"120,685","33,131","58,927","17,985",7762.6,2715.3,3545,4991,1306,479,134,2129,6,BOU vs PAU,true,false,false,false,true,2025-09-19,7bvskqcghg6a4xskbc7qfiluc,25s5qx846iw05y8t9pinrbhh1,5420,5420,Boulogne,Pau,PAU,0,3,Played,L 0-3,2568791,BOU vs PAU (2025-09-19)
91,17o35s8assv3kamxowzz77k4r,1983,Clermont,Clermont,CLE,Clermont,#FF0033,4w7x0s5gfs5abasphlha5de8k,Ligue 2 (France),1021,"106,667","32,895","51,128","15,594",5875.9,1825.2,3269,4477,1120,366,91,1983,6,RAF vs CLE,false,true,true,false,false,2025-09-19,7c9aiov3hk4vh94a2m5qzio7o,2u30h0xpbfzv0byj4j7d8c4ug,3308,3308,Clermont,Rodez,RAF,1,0,Played,W 1-0,2568792,RAF vs CLE (2025-09-19)
91,69b9aoly33h1gpicvxtfteoug,148,Nancy,Nancy,NAC,Nancy,#ff0000,4w7x0s5gfs5abasphlha5de8k,Ligue 2 (France),1034,"111,432","31,103","58,188","14,858",5357.6,1588.5,3411,4699,1084,333,70,148,6,NAC vs RED,true,false,false,false,true,2025-09-19,7bi9mtqr1ovpt7uzhxuzykums,7qdfg7vuzf70wurnpx0bawlqk,915,915,Nancy,Red Star,RED,0,1,Played,L 0-1,2568790,NAC vs RED (2025-09-19)
91,2u30h0xpbfzv0byj4j7d8c4ug,3308,Rodez,Rodez,RAF,Rodez,#FF0000,4w7x0s5gfs5abasphlha5de8k,Ligue 2 (France),1047,"111,211","33,217","53,971","16,304",6702.3,2187.8,3368,4692,1174,411,111,3308,6,RAF vs CLE,true,false,false,false,true,2025-09-19,7c9aiov3hk4vh94a2m5qzio7o,17o35s8assv3kamxowzz77k4r,1983,1983,Rodez,Clermont,CLE,0,1,Played,L 0-1,2568792,RAF vs CLE (2025-09-19)
91,5191cnvhmuct5kn7yvr0nvd9d,1430,Amiens SC,Amiens SC,AMI,Amiens,#D3D3D3,4w7x0s5gfs5abasphlha5de8k,Ligue 2 (France),1088,"107,853","34,139","53,440","13,720",4596.8,1135.3,3332,4523,1024,295,61,1430,6,LAV vs AMI,false,true,true,false,false,2025-09-19,7b4t5hazk3yacybkl76uoy6ms,75gwk94q9jkoh78jk8nlay4xj,2298,2298,Amiens SC,Laval,LAV,3,0,Played,W 3-0,2568789,LAV vs AMI (2025-09-19)
91,bj8hrmj01r3zit0x8r6qm2eu2,920,Le Mans,Le Mans,LEM,Le Mans,#FF3300,4w7x0s5gfs5abasphlha5de8k,Ligue 2 (France),1089,"117,181","32,295","57,217","18,304",7133.6,2007.6,3412,4899,1333,432,104,920,6,DUN vs LEM,false,true,false,true,false,2025-09-19,7adosawz3ozmgwl705yekcfmc,15ip1h6m0b4e8xfi597y5uo5u,3288,3288,Le Mans,Dunkerque,DUN,2,2,Played,T 2-2,2568787,DUN vs LEM (2025-09-19)
91,7qdfg7vuzf70wurnpx0bawlqk,915,Red Star,Red Star,RED,Red Star,#008000,4w7x0s5gfs5abasphlha5de8k,Ligue 2 (France),1119,"116,005","35,553","58,260","14,975",5208.9,1831.2,3574,4871,1088,330,80,915,6,NAC vs RED,false,true,true,false,false,2025-09-19,7bi9mtqr1ovpt7uzhxuzykums,69b9aoly33h1gpicvxtfteoug,148,148,Red Star,Nancy,NAC,1,0,Played,W 1-0,2568790,NAC vs RED (2025-09-19)
91,25s5qx846iw05y8t9pinrbhh1,5420,Pau,Pau,PAU,Pau,#FFFF00,4w7x0s5gfs5abasphlha5de8k,Ligue 2 (France),1099,"117,539","35,002","56,646","15,992",6327.9,2476.1,3701,4957,1160,389,118,5420,6,BOU vs PAU,false,true,true,false,false,2025-09-19,7bvskqcghg6a4xskbc7qfiluc,9az8hqkkijc34ol021425ixg5,2129,2129,Pau,Boulogne,BOU,3,0,Played,W 3-0,2568791,BOU vs PAU (2025-09-19)
91,2ku5qqmv6i842rujioksaatx7,1272,Grenoble,Grenoble,GRE,Grenoble,#014898,4w7x0s5gfs5abasphlha5de8k,Ligue 2 (France),1058,"113,256","33,105","58,442","15,951",5037.2,1273.7,3428,4809,1168,326,69,1272,6,GRE vs ANN,true,false,false,false,true,2025-09-19,7ar8kq5oin8vui9eep5f48jro,6sqrk45zcfgwpq97no19o9sk5,11426,11426,Grenoble,Annecy,ANN,1,3,Played,L 1-3,2568788,GRE vs ANN (2025-09-19)
103,3c3jcs7vc1t6vz5lev162jyv7,1423,Reims,Reims,SR,Reims,#FF0000,4w7x0s5gfs5abasphlha5de8k,Ligue 2 (France),1107,"116,526","35,472","54,440","16,907",6840.0,2853.3,3576,4816,1241,419,123,1423,6,ASS vs SR,false,true,false,false,true,2025-09-20,797mept9jm42sgj5ykacj24gk,2sc9xfhu6tbru9hhlhr4a89zn,152,152,Reims,Saint-Étienne,ASS,2,3,Played,L 2-3,2568784,ASS vs SR (2025-09-20)
103,2cjpmotqo8phcqfpgo9xf4gel,147,Montpellier,Montpellier,MON,Montpellier,#0000FF,4w7x0s5gfs5abasphlha5de8k,Ligue 2 (France),1056,"102,558","35,644","47,106","12,118",5383.0,1643.2,3138,3953,899,326,83,147,6,MON vs SCB,true,false,true,false,false,2025-09-20,7a0b18khcndsexg7tpm8jid5g,6l07ga27xfsr7485fuc1ilkkc,139,139,Montpellier,Bastia,SCB,2,0,Played,W 2-0,2568786,MON vs SCB (2025-09-20)
103,e9mmk1w7cem6r4wysgassacef,428,Guingamp,Guingamp,EAG,Guingamp,#CC0033,4w7x0s5gfs5abasphlha5de8k,Ligue 2 (France),1121,"116,351","35,694","60,361","14,386",4894.0,1633.7,3879,5181,1062,319,79,428,6,TRO vs EAG,false,true,false,false,true,2025-09-20,79mpiec19cozdof5hbl6qzuac,3unkqo2g6ag99gd5ynz1j7vse,154,154,Guingamp,Troyes,TRO,2,5,Played,L 2-5,2568785,TRO vs EAG (2025-09-20)
103,2sc9xfhu6tbru9hhlhr4a89zn,152,Saint-Étienne,Saint-Étienne,ASS,Saint-Étienne,#009933,4w7x0s5gfs5abasphlha5de8k,Ligue 2 (France),1107,"113,925","35,466","51,884","16,546",6591.9,2335.0,3491,4726,1185,403,104,152,6,ASS vs SR,true,false,true,false,false,2025-09-20,797mept9jm42sgj5ykacj24gk,3c3jcs7vc1t6vz5lev162jyv7,1423,1423,Saint-Étienne,Reims,SR,3,2,Played,W 3-2,2568784,ASS vs SR (2025-09-20)
103,6l07ga27xfsr7485fuc1ilkkc,139,Bastia,Bastia,SCB,Bastia,#0000FF,4w7x0s5gfs5abasphlha5de8k,Ligue 2 (France),1056,"102,582","34,668","46,847","12,865",5139.1,1995.3,3104,4046,914,324,93,139,6,MON vs SCB,false,true,false,false,true,2025-09-20,7a0b18khcndsexg7tpm8jid5g,2cjpmotqo8phcqfpgo9xf4gel,147,147,Bastia,Montpellier,MON,0,2,Played,L 0-2,2568786,MON vs SCB (2025-09-20)
103,3unkqo2g6ag99gd5ynz1j7vse,154,Troyes,Troyes,TRO,Troyes,#0000CC,4w7x0s5gfs5abasphlha5de8k,Ligue 2 (France),1121,"117,964","35,974","59,316","15,479",5414.8,1769.2,3822,5134,1143,347,90,154,6,TRO vs EAG,true,false,true,false,false,2025-09-20,79mpiec19cozdof5hbl6qzuac,e9mmk1w7cem6r4wysgassacef,428,428,Troyes,Guingamp,EAG,5,2,Played,W 5-2,2568785,TRO vs EAG (2025-09-20)
109,75gwk94q9jkoh78jk8nlay4xj,2298,Laval,Laval,LAV,Laval,#FFA500,4w7x0s5gfs5abasphlha5de8k,Ligue 2 (France),1055,"122,421","33,799","62,511","16,742",6996.3,2154.6,3919,5363,1268,438,102,2298,7,PAU vs LAV,false,true,false,false,true,2025-09-23,7drgkkmnb0nso0yiy44p6kp3o,25s5qx846iw05y8t9pinrbhh1,5420,5420,Laval,Pau,PAU,0,1,Played,L 0-1,2568796,PAU vs LAV (2025-09-23)
109,3c3jcs7vc1t6vz5lev162jyv7,1423,Reims,Reims,SR,Reims,#FF0000,4w7x0s5gfs5abasphlha5de8k,Ligue 2 (France),1088,"119,415","33,867","61,212","16,297",5987.1,1885.1,3892,5354,1209,385,90,1423,7,SR vs CLE,true,false,true,false,false,2025-09-23,7fp00ydbtdvq33c4bw0vlf1g4,17o35s8assv3kamxowzz77k4r,1983,1983,Reims,Clermont,CLE,4,1,Played,W 4-1,2568801,SR vs CLE (2025-09-23)
109,9az8hqkkijc34ol021425ixg5,2129,Boulogne,Boulogne,BOU,Boulogne,#ff0000,4w7x0s5gfs5abasphlha5de8k,Ligue 2 (France),1090,"114,455","33,418","57,382","16,167",6243.0,2259.3,3455,4791,1182,390,116,2129,7,MON vs BOU,false,true,true,false,false,2025-09-23,7fbcud5q2a4c7y27zgfa8u238,2cjpmotqo8phcqfpgo9xf4gel,147,147,Boulogne,Montpellier,MON,3,1,Played,W 3-1,2568800,MON vs BOU (2025-09-23)
109,2cjpmotqo8phcqfpgo9xf4gel,147,Montpellier,Montpellier,MON,Montpellier,#0000FF,4w7x0s5gfs5abasphlha5de8k,Ligue 2 (France),1021,"106,550","31,928","51,538","14,382",6063.4,2162.5,3189,4386,1061,370,103,147,7,MON vs BOU,true,false,false,false,true,2025-09-23,7fbcud5q2a4c7y27zgfa8u238,9az8hqkkijc34ol021425ixg5,2129,2129,Montpellier,Boulogne,BOU,1,3,Played,L 1-3,2568800,MON vs BOU (2025-09-23)
109,17o35s8assv3kamxowzz77k4r,1983,Clermont,Clermont,CLE,Clermont,#FF0033,4w7x0s5gfs5abasphlha5de8k,Ligue 2 (France),991,"104,961","30,998","54,216","14,315",4815.7,1416.5,3554,4810,1062,311,71,1983,7,SR vs CLE,false,true,false,false,true,2025-09-23,7fp00ydbtdvq33c4bw0vlf1g4,3c3jcs7vc1t6vz5lev162jyv7,1423,1423,Clermont,Reims,SR,1,4,Played,L 1-4,2568801,SR vs CLE (2025-09-23)
109,e9mmk1w7cem6r4wysgassacef,428,Guingamp,Guingamp,EAG,Guingamp,#CC0033,4w7x0s5gfs5abasphlha5de8k,Ligue 2 (France),1123,"117,322","33,682","58,616","17,483",5684.5,1566.0,3529,5032,1288,357,73,428,7,EAG vs DUN,true,false,true,false,false,2025-09-23,7e52t2jfhbu2hqq2ytoc1atqs,15ip1h6m0b4e8xfi597y5uo5u,3288,3288,Guingamp,Dunkerque,DUN,2,1,Played,W 2-1,2568797,EAG vs DUN (2025-09-23)
109,69b9aoly33h1gpicvxtfteoug,148,Nancy,Nancy,NAC,Nancy,#ff0000,4w7x0s5gfs5abasphlha5de8k,Ligue 2 (France),1074,"113,149","33,650","53,863","16,568",6264.8,1910.3,3379,4667,1216,397,95,148,7,ANN vs NAC,false,true,true,false,false,2025-09-23,7d0elo1lhranxr30pdh6g7swk,6sqrk45zcfgwpq97no19o9sk5,11426,11426,Nancy,Annecy,ANN,2,1,Played,W 2-1,2568794,ANN vs NAC (2025-09-23)
109,2u30h0xpbfzv0byj4j7d8c4ug,3308,Rodez,Rodez,RAF,Rodez,#FF0000,4w7x0s5gfs5abasphlha5de8k,Ligue 2 (France),1082,"111,633","34,029","53,750","15,300",6447.9,2472.9,3301,4533,1111,398,119,3308,7,SCB vs RAF,false,true,true,false,false,2025-09-23,7ddzgljovle3t8r16t69km784,6l07ga27xfsr7485fuc1ilkkc,139,139,Rodez,Bastia,SCB,3,2,Played,W 3-2,2568795,SCB vs RAF (2025-09-23)
109,5191cnvhmuct5kn7yvr0nvd9d,1430,Amiens SC,Amiens SC,AMI,Amiens,#D3D3D3,4w7x0s5gfs5abasphlha5de8k,Ligue 2 (France),1053,"116,479","33,637","57,909","16,270",6001.5,1853.1,3773,5118,1191,390,93,1430,7,AMI vs ASS,true,false,false,false,true,2025-09-23,7exxi1g7v4pmn1kyvpttyujv8,2sc9xfhu6tbru9hhlhr4a89zn,152,152,Amiens SC,Saint-Étienne,ASS,0,1,Played,L 0-1,2568799,AMI vs ASS (2025-09-23)
109,bj8hrmj01r3zit0x8r6qm2eu2,920,Le Mans,Le Mans,LEM,Le Mans,#FF3300,4w7x0s5gfs5abasphlha5de8k,Ligue 2 (France),1004,"104,418","30,829","51,947","16,055",5310.7,1262.0,3111,4475,1182,339,63,920,7,LEM vs GRE,true,false,true,false,false,2025-09-23,7ekegnll95fzlsiux3avjvqc4,2ku5qqmv6i842rujioksaatx7,1272,1272,Le Mans,Grenoble,GRE,1,0,Played,W 1-0,2568798,LEM vs GRE (2025-09-23)
109,7qdfg7vuzf70wurnpx0bawlqk,915,Red Star,Red Star,RED,Red Star,#008000,4w7x0s5gfs5abasphlha5de8k,Ligue 2 (France),1118,"116,996","35,057","57,384","15,977",6525.6,2595.1,3623,4994,1179,392,117,915,7,RED vs TRO,true,false,false,false,true,2025-09-23,7cmwqee9m13vhp14j920ozjmc,3unkqo2g6ag99gd5ynz1j7vse,154,154,Red Star,Troyes,TRO,1,3,Played,L 1-3,2568793,RED vs TRO (2025-09-23)
109,25s5qx846iw05y8t9pinrbhh1,5420,Pau,Pau,PAU,Pau,#FFFF00,4w7x0s5gfs5abasphlha5de8k,Ligue 2 (France),1055,"121,296","33,161","63,745","15,899",6234.1,2240.9,4031,5374,1192,394,100,5420,7,PAU vs LAV,true,false,true,false,false,2025-09-23,7drgkkmnb0nso0yiy44p6kp3o,75gwk94q9jkoh78jk8nlay4xj,2298,2298,Pau,Laval,LAV,1,0,Played,W 1-0,2568796,PAU vs LAV (2025-09-23)
109,2sc9xfhu6tbru9hhlhr4a89zn,152,Saint-Étienne,Saint-Étienne,ASS,Saint-Étienne,#009933,4w7x0s5gfs5abasphlha5de8k,Ligue 2 (France),1053,"117,122","32,650","58,423","17,377",6456.9,1877.8,3693,5159,1266,397,95,152,7,AMI vs ASS,false,true,true,false,false,2025-09-23,7exxi1g7v4pmn1kyvpttyujv8,5191cnvhmuct5kn7yvr0nvd9d,1430,1430,Saint-Étienne,Amiens SC,AMI,1,0,Played,W 1-0,2568799,AMI vs ASS (2025-09-23)
109,6l07ga27xfsr7485fuc1ilkkc,139,Bastia,Bastia,SCB,Bastia,#0000FF,4w7x0s5gfs5abasphlha5de8k,Ligue 2 (France),1082,"109,538","34,562","51,150","15,007",6318.7,2620.4,3197,4366,1081,379,121,139,7,SCB vs RAF,true,false,false,false,true,2025-09-23,7ddzgljovle3t8r16t69km784,2u30h0xpbfzv0byj4j7d8c4ug,3308,3308,Bastia,Rodez,RAF,2,3,Played,L 2-3,2568795,SCB vs RAF (2025-09-23)
109,2ku5qqmv6i842rujioksaatx7,1272,Grenoble,Grenoble,GRE,Grenoble,#014898,4w7x0s5gfs5abasphlha5de8k,Ligue 2 (France),1086,"104,721","34,508","52,615","13,262",4163.4,1109.0,3332,4470,980,272,62,1272,7,LEM vs GRE,false,true,false,false,true,2025-09-23,7ekegnll95fzlsiux3avjvqc4,bj8hrmj01r3zit0x8r6qm2eu2,920,920,Grenoble,Le Mans,LEM,0,1,Played,L 0-1,2568798,LEM vs GRE (2025-09-23)
109,3unkqo2g6ag99gd5ynz1j7vse,154,Troyes,Troyes,TRO,Troyes,#0000CC,4w7x0s5gfs5abasphlha5de8k,Ligue 2 (France),1118,"116,094","35,179","56,416","15,819",6296.0,2773.0,3596,4966,1199,393,121,154,7,RED vs TRO,false,true,true,false,false,2025-09-23,7cmwqee9m13vhp14j920ozjmc,7qdfg7vuzf70wurnpx0bawlqk,915,915,Troyes,Red Star,RED,3,1,Played,W 3-1,2568793,RED vs TRO (2025-09-23)
127,3c3jcs7vc1t6vz5lev162jyv7,1423,Reims,Reims,SR,Reims,#FF0000,4w7x0s5gfs5abasphlha5de8k,Ligue 2 (France),1053,"115,601","32,661","57,395","17,492",6397.1,1921.6,3663,5100,1288,410,97,1423,8,NAC vs SR,false,true,true,false,false,2025-09-26,7g2rqkioz4dtc8or1ocj6v0gk,69b9aoly33h1gpicvxtfteoug,148,148,Reims,Nancy,NAC,1,0,Played,W 1-0,2568802,NAC vs SR (2025-09-26)
127,17o35s8assv3kamxowzz77k4r,1983,Clermont,Clermont,CLE,Clermont,#FF0033,4w7x0s5gfs5abasphlha5de8k,Ligue 2 (France),1069,"113,158","33,813","55,710","16,014",5571.3,1669.1,3503,4728,1156,354,89,1983,8,CLE vs LEM,true,false,false,true,false,2025-09-26,7j3wgud9e2dv6au6ql1o23z10,bj8hrmj01r3zit0x8r6qm2eu2,920,920,Clermont,Le Mans,LEM,1,1,Played,T 1-1,2568810,CLE vs LEM (2025-09-26)
127,69b9aoly33h1gpicvxtfteoug,148,Nancy,Nancy,NAC,Nancy,#ff0000,4w7x0s5gfs5abasphlha5de8k,Ligue 2 (France),1053,"114,221","32,520","58,269","16,558",5887.9,1528.8,3592,5043,1213,362,78,148,8,NAC vs SR,true,false,false,false,true,2025-09-26,7g2rqkioz4dtc8or1ocj6v0gk,3c3jcs7vc1t6vz5lev162jyv7,1423,1423,Nancy,Reims,SR,0,1,Played,L 0-1,2568802,NAC vs SR (2025-09-26)
127,2u30h0xpbfzv0byj4j7d8c4ug,3308,Rodez,Rodez,RAF,Rodez,#FF0000,4w7x0s5gfs5abasphlha5de8k,Ligue 2 (France),1052,"115,870","32,707","58,272","16,362",6468.9,2257.2,3664,5087,1197,402,106,3308,8,RAF vs PAU,true,false,false,false,true,2025-09-26,7iq3w9ksr1ox2b89a105fmbdg,25s5qx846iw05y8t9pinrbhh1,5420,5420,Rodez,Pau,PAU,1,2,Played,L 1-2,2568809,RAF vs PAU (2025-09-26)
127,bj8hrmj01r3zit0x8r6qm2eu2,920,Le Mans,Le Mans,LEM,Le Mans,#FF3300,4w7x0s5gfs5abasphlha5de8k,Ligue 2 (France),1069,"122,274","31,680","60,248","20,313",7505.4,1865.2,3554,5150,1476,475,93,920,8,CLE vs LEM,false,true,false,true,false,2025-09-26,7j3wgud9e2dv6au6ql1o23z10,17o35s8assv3kamxowzz77k4r,1983,1983,Le Mans,Clermont,CLE,1,1,Played,T 1-1,2568810,CLE vs LEM (2025-09-26)
127,25s5qx846iw05y8t9pinrbhh1,5420,Pau,Pau,PAU,Pau,#FFFF00,4w7x0s5gfs5abasphlha5de8k,Ligue 2 (France),1052,"116,861","33,087","59,885","16,233",5789.7,1917.1,3689,5118,1207,369,93,5420,8,RAF vs PAU,false,true,true,false,false,2025-09-26,7iq3w9ksr1ox2b89a105fmbdg,2u30h0xpbfzv0byj4j7d8c4ug,3308,3308,Pau,Rodez,RAF,2,1,Played,W 2-1,2568809,RAF vs PAU (2025-09-26)
127,6l07ga27xfsr7485fuc1ilkkc,139,Bastia,Bastia,SCB,Bastia,#0000FF,4w7x0s5gfs5abasphlha5de8k,Ligue 2 (France),995,"109,882","32,348","56,610","14,608",5241.5,1835.5,3237,4541,1082,326,87,139,8,GRE vs SCB,false,true,false,true,false,2025-09-26,7h7nw2kfajfhxknxf5mijufpw,2ku5qqmv6i842rujioksaatx7,1272,1272,Bastia,Grenoble,GRE,0,0,Played,T 0-0,2568805,GRE vs SCB (2025-09-26)
127,2ku5qqmv6i842rujioksaatx7,1272,Grenoble,Grenoble,GRE,Grenoble,#014898,4w7x0s5gfs5abasphlha5de8k,Ligue 2 (France),1053,"116,600","34,931","56,640","16,488",5643.8,1471.0,3466,4795,1199,357,77,1272,8,GRE vs SCB,true,false,false,true,false,2025-09-26,7h7nw2kfajfhxknxf5mijufpw,6l07ga27xfsr7485fuc1ilkkc,139,139,Grenoble,Bastia,SCB,0,0,Played,T 0-0,2568805,GRE vs SCB (2025-09-26)
127,3unkqo2g6ag99gd5ynz1j7vse,154,Troyes,Troyes,TRO,Troyes,#0000CC,4w7x0s5gfs5abasphlha5de8k,Ligue 2 (France),1031,"114,216","32,809","58,445","15,731",5691.1,1926.6,3456,4845,1170,360,94,154,8,TRO vs ANN,true,false,true,false,false,2025-09-26,7hl5ls2p4nzf2bypjx1qbw5ck,6sqrk45zcfgwpq97no19o9sk5,11426,11426,Troyes,Annecy,ANN,3,1,Played,W 3-1,2568806,TRO vs ANN (2025-09-26)
137,75gwk94q9jkoh78jk8nlay4xj,2298,Laval,Laval,LAV,Laval,#FFA500,4w7x0s5gfs5abasphlha5de8k,Ligue 2 (France),1087,"117,479","33,743","57,341","17,279",6721.7,1953.8,3564,4979,1264,420,93,2298,8,LAV vs MON,true,false,false,false,true,2025-09-27,7gge8an980gpqtmbfp58wjlzo,2cjpmotqo8phcqfpgo9xf4gel,147,147,Laval,Montpellier,MON,0,1,Played,L 0-1,2568803,LAV vs MON (2025-09-27)
137,2cjpmotqo8phcqfpgo9xf4gel,147,Montpellier,Montpellier,MON,Montpellier,#0000FF,4w7x0s5gfs5abasphlha5de8k,Ligue 2 (France),1087,"115,167","33,560","56,462","16,460",6190.3,2137.3,3531,4850,1201,388,98,147,8,LAV vs MON,false,true,true,false,false,2025-09-27,7gge8an980gpqtmbfp58wjlzo,75gwk94q9jkoh78jk8nlay4xj,2298,2298,Montpellier,Laval,LAV,1,0,Played,W 1-0,2568803,LAV vs MON (2025-09-27)
137,e9mmk1w7cem6r4wysgassacef,428,Guingamp,Guingamp,EAG,Guingamp,#CC0033,4w7x0s5gfs5abasphlha5de8k,Ligue 2 (France),1123,"118,022","34,772","59,385","15,935",5845.6,1920.1,3646,5020,1170,356,93,428,8,ASS vs EAG,false,true,true,false,false,2025-09-27,7gtz7jhc1lk6a4l5x46nco1lg,2sc9xfhu6tbru9hhlhr4a89zn,152,152,Guingamp,Saint-Étienne,ASS,3,2,Played,W 3-2,2568804,ASS vs EAG (2025-09-27)
137,5191cnvhmuct5kn7yvr0nvd9d,1430,Amiens SC,Amiens SC,AMI,Amiens,#D3D3D3,4w7x0s5gfs5abasphlha5de8k,Ligue 2 (France),1112,"118,314","34,969","58,237","16,708",6452.1,2148.9,3506,4870,1205,411,109,1430,8,DUN vs AMI,false,true,false,false,true,2025-09-27,7icg4om1fe0wlge6tj2etrnro,15ip1h6m0b4e8xfi597y5uo5u,3288,3288,Amiens SC,Dunkerque,DUN,2,6,Played,L 2-6,2568808,DUN vs AMI (2025-09-27)
137,2sc9xfhu6tbru9hhlhr4a89zn,152,Saint-Étienne,Saint-Étienne,ASS,Saint-Étienne,#009933,4w7x0s5gfs5abasphlha5de8k,Ligue 2 (France),1105,"114,023","34,979","55,774","15,488",6226.7,1802.1,3463,4746,1138,383,97,152,8,ASS vs EAG,true,false,false,false,true,2025-09-27,7gtz7jhc1lk6a4l5x46nco1lg,e9mmk1w7cem6r4wysgassacef,428,428,Saint-Étienne,Guingamp,EAG,2,3,Played,L 2-3,2568804,ASS vs EAG (2025-09-27)
143,9az8hqkkijc34ol021425ixg5,2129,Boulogne,Boulogne,BOU,Boulogne,#ff0000,4w7x0s5gfs5abasphlha5de8k,Ligue 2 (France),1046,"116,327","33,911","56,460","16,485",6997.7,2655.8,3529,4828,1204,431,122,2129,8,BOU vs RED,true,false,false,false,true,2025-09-29,7hyrng6mjoh4urd2ujoffrd3o,7qdfg7vuzf70wurnpx0bawlqk,915,915,Boulogne,Red Star,RED,1,2,Played,L 1-2,2568807,BOU vs RED (2025-09-29)
143,7qdfg7vuzf70wurnpx0bawlqk,915,Red Star,Red Star,RED,Red Star,#008000,4w7x0s5gfs5abasphlha5de8k,Ligue 2 (France),1046,"115,025","35,136","55,594","15,494",6181.5,2422.6,3569,4841,1141,387,107,915,8,BOU vs RED,false,true,true,false,false,2025-09-29,7hyrng6mjoh4urd2ujoffrd3o,9az8hqkkijc34ol021425ixg5,2129,2129,Red Star,Boulogne,BOU,2,1,Played,W 2-1,2568807,BOU vs RED (2025-09-29)
145,75gwk94q9jkoh78jk8nlay4xj,2298,Laval,Laval,LAV,Laval,#FFA500,4w7x0s5gfs5abasphlha5de8k,Ligue 2 (France),1119,"108,382","36,546","50,030","14,013",5220.7,1549.8,3122,4406,1066,337,77,2298,9,ANN vs LAV,false,true,false,true,false,2025-10-03,7jjxi9cvbtu8d3rxs78pvnw9g,6sqrk45zcfgwpq97no19o9sk5,11426,11426,Laval,Annecy,ANN,0,0,Played,T 0-0,2568811,ANN vs LAV (2025-10-03)
145,9az8hqkkijc34ol021425ixg5,2129,Boulogne,Boulogne,BOU,Boulogne,#ff0000,4w7x0s5gfs5abasphlha5de8k,Ligue 2 (France),1101,"115,700","33,915","56,503","16,147",6973.2,2496.1,3552,4864,1175,416,126,2129,9,AMI vs BOU,false,true,true,false,false,2025-10-03,7lgl4rjmui9ua9qu72kbd9jx0,5191cnvhmuct5kn7yvr0nvd9d,1430,1430,Boulogne,Amiens SC,AMI,1,0,Played,W 1-0,2568816,AMI vs BOU (2025-10-03)
145,17o35s8assv3kamxowzz77k4r,1983,Clermont,Clermont,CLE,Clermont,#FF0033,4w7x0s5gfs5abasphlha5de8k,Ligue 2 (France),1050,"110,548","34,395","53,358","15,517",6116.5,1967.6,3574,4719,1130,386,94,1983,9,PAU vs CLE,false,true,false,false,true,2025-10-03,7kaxn5fmraqkdod2p5l5ua13o,25s5qx846iw05y8t9pinrbhh1,5420,5420,Clermont,Pau,PAU,1,3,Played,L 1-3,2568813,PAU vs CLE (2025-10-03)
145,e9mmk1w7cem6r4wysgassacef,428,Guingamp,Guingamp,EAG,Guingamp,#CC0033,4w7x0s5gfs5abasphlha5de8k,Ligue 2 (France),1094,"115,861","34,899","57,546","15,873",6230.8,2077.9,3572,4913,1157,378,104,428,9,EAG vs NAC,true,false,false,true,false,2025-10-03,7lu4ov048za7q6d9v8e3ihs0k,69b9aoly33h1gpicvxtfteoug,148,148,Guingamp,Nancy,NAC,2,2,Played,T 2-2,2568817,EAG vs NAC (2025-10-03)
145,69b9aoly33h1gpicvxtfteoug,148,Nancy,Nancy,NAC,Nancy,#ff0000,4w7x0s5gfs5abasphlha5de8k,Ligue 2 (France),1064,"115,615","32,851","58,925","16,167",6125.0,1689.5,3540,4896,1170,373,84,148,9,EAG vs NAC,false,true,false,true,false,2025-10-03,7lu4ov048za7q6d9v8e3ihs0k,e9mmk1w7cem6r4wysgassacef,428,428,Nancy,Guingamp,EAG,2,2,Played,T 2-2,2568817,EAG vs NAC (2025-10-03)
145,5191cnvhmuct5kn7yvr0nvd9d,1430,Amiens SC,Amiens SC,AMI,Amiens,#D3D3D3,4w7x0s5gfs5abasphlha5de8k,Ligue 2 (France),1020,"105,956","32,335","51,299","14,168",5765.1,2040.8,3337,4482,1037,362,103,1430,9,AMI vs BOU,true,false,false,false,true,2025-10-03,7lgl4rjmui9ua9qu72kbd9jx0,9az8hqkkijc34ol021425ixg5,2129,2129,Amiens SC,Boulogne,BOU,0,1,Played,L 0-1,2568816,AMI vs BOU (2025-10-03)
145,bj8hrmj01r3zit0x8r6qm2eu2,920,Le Mans,Le Mans,LEM,Le Mans,#FF3300,4w7x0s5gfs5abasphlha5de8k,Ligue 2 (France),1100,"115,532","34,345","54,748","18,031",6600.7,1799.4,3366,4749,1319,415,86,920,9,LEM vs TRO,true,false,false,true,false,2025-10-03,7jxjvcuc80yjoorvkz91gqck4,3unkqo2g6ag99gd5ynz1j7vse,154,154,Le Mans,Troyes,TRO,2,2,Played,T 2-2,2568812,LEM vs TRO (2025-10-03)
145,25s5qx846iw05y8t9pinrbhh1,5420,Pau,Pau,PAU,Pau,#FFFF00,4w7x0s5gfs5abasphlha5de8k,Ligue 2 (France),1050,"113,354","34,507","56,048","14,656",5856.1,1965.8,3753,4957,1090,374,101,5420,9,PAU vs CLE,true,false,true,false,false,2025-10-03,7kaxn5fmraqkdod2p5l5ua13o,17o35s8assv3kamxowzz77k4r,1983,1983,Pau,Clermont,CLE,3,1,Played,W 3-1,2568813,PAU vs CLE (2025-10-03)
145,6l07ga27xfsr7485fuc1ilkkc,139,Bastia,Bastia,SCB,Bastia,#0000FF,4w7x0s5gfs5abasphlha5de8k,Ligue 2 (France),1093,"114,118","34,494","55,598","15,643",6315.2,2055.9,3313,4611,1100,387,104,139,9,SCB vs DUN,true,false,false,true,false,2025-10-03,7kokt06r77q236nay14gk3fo4,15ip1h6m0b4e8xfi597y5uo5u,3288,3288,Bastia,Dunkerque,DUN,0,0,Played,T 0-0,2568814,SCB vs DUN (2025-10-03)
145,3unkqo2g6ag99gd5ynz1j7vse,154,Troyes,Troyes,TRO,Troyes,#0000CC,4w7x0s5gfs5abasphlha5de8k,Ligue 2 (France),1100,"111,191","34,585","53,967","14,706",5686.4,1491.8,3386,4584,1083,354,77,154,9,LEM vs TRO,false,true,false,true,false,2025-10-03,7jxjvcuc80yjoorvkz91gqck4,bj8hrmj01r3zit0x8r6qm2eu2,920,920,Troyes,Le Mans,LEM,2,2,Played,T 2-2,2568812,LEM vs TRO (2025-10-03)
157,3c3jcs7vc1t6vz5lev162jyv7,1423,Reims,Reims,SR,Reims,#FF0000,4w7x0s5gfs5abasphlha5de8k,Ligue 2 (France),1099,0.0,0.0,0.0,0.0,0.0,0.0,0,0,0,0,0,1423,9,SR vs GRE,true,false,false,false,true,2025-10-04,7mldwy4w581rdldit2qhvd0d0,2ku5qqmv6i842rujioksaatx7,1272,1272,Reims,Grenoble,GRE,2,4,Played,L 2-4,2568819,SR vs GRE (2025-10-04)
157,2cjpmotqo8phcqfpgo9xf4gel,147,Montpellier,Montpellier,MON,Montpellier,#0000FF,4w7x0s5gfs5abasphlha5de8k,Ligue 2 (France),1107,"116,724","34,944","56,681","16,471",6015.8,1744.2,3523,4713,1191,379,74,147,9,MON vs ASS,true,false,false,false,true,2025-10-04,7m7r403musg2jrr3l4u3gdxck,2sc9xfhu6tbru9hhlhr4a89zn,152,152,Montpellier,Saint-Étienne,ASS,0,2,Played,L 0-2,2568818,MON vs ASS (2025-10-04)
157,2u30h0xpbfzv0byj4j7d8c4ug,3308,Rodez,Rodez,RAF,Rodez,#FF0000,4w7x0s5gfs5abasphlha5de8k,Ligue 2 (France),1023,"114,816","31,973","56,519","17,007",6997.2,3088.5,3574,4936,1219,425,140,3308,9,RED vs RAF,false,true,false,true,false,2025-10-04,7l23ar58ur6e03v1wu7doaexg,7qdfg7vuzf70wurnpx0bawlqk,915,915,Rodez,Red Star,RED,1,1,Played,T 1-1,2568815,RED vs RAF (2025-10-04)
157,7qdfg7vuzf70wurnpx0bawlqk,915,Red Star,Red Star,RED,Red Star,#008000,4w7x0s5gfs5abasphlha5de8k,Ligue 2 (France),1023,"112,701","32,368","56,506","16,299",6288.0,2339.1,3580,4894,1191,386,111,915,9,RED vs RAF,true,false,false,true,false,2025-10-04,7l23ar58ur6e03v1wu7doaexg,2u30h0xpbfzv0byj4j7d8c4ug,3308,3308,Red Star,Rodez,RAF,1,1,Played,T 1-1,2568815,RED vs RAF (2025-10-04)
157,2sc9xfhu6tbru9hhlhr4a89zn,152,Saint-Étienne,Saint-Étienne,ASS,Saint-Étienne,#009933,4w7x0s5gfs5abasphlha5de8k,Ligue 2 (France),1107,"119,093","34,157","56,670","17,722",6545.4,2068.2,3580,4957,1268,408,92,152,9,MON vs ASS,false,true,true,false,false,2025-10-04,7m7r403musg2jrr3l4u3gdxck,2cjpmotqo8phcqfpgo9xf4gel,147,147,Saint-Étienne,Montpellier,MON,2,0,Played,W 2-0,2568818,MON vs ASS (2025-10-04)
157,2ku5qqmv6i842rujioksaatx7,1272,Grenoble,Grenoble,GRE,Grenoble,#014898,4w7x0s5gfs5abasphlha5de8k,Ligue 2 (France),1099,0.0,0.0,0.0,0.0,0.0,0.0,0,0,0,0,0,1272,9,SR vs GRE,false,true,true,false,false,2025-10-04,7mldwy4w581rdldit2qhvd0d0,3c3jcs7vc1t6vz5lev162jyv7,1423,1423,Grenoble,Reims,SR,4,2,Played,W 4-2,2568819,SR vs GRE (2025-10-04)
163,3c3jcs7vc1t6vz5lev162jyv7,1423,Reims,Reims,SR,Reims,#FF0000,4w7x0s5gfs5abasphlha5de8k,Ligue 2 (France),1094,"114,722","35,052","54,673","16,422",7085.7,2356.2,3609,4846,1204,429,119,1423,10,RAF vs SR,false,true,false,true,false,2025-10-17,7nctw4m2mvsev8obr6arg7fh0,2u30h0xpbfzv0byj4j7d8c4ug,3308,3308,Reims,Rodez,RAF,2,2,Played,T 2-2,2568821,RAF vs SR (2025-10-17)
163,9az8hqkkijc34ol021425ixg5,2129,Boulogne,Boulogne,BOU,Boulogne,#ff0000,4w7x0s5gfs5abasphlha5de8k,Ligue 2 (France),1092,"118,151","33,135","59,360","16,706",6440.4,2046.5,3566,5053,1231,404,105,2129,10,BOU vs EAG,true,false,false,true,false,2025-10-17,7pnzat9peazg73lad7vwbx8us,e9mmk1w7cem6r4wysgassacef,428,428,Boulogne,Guingamp,EAG,2,2,Played,T 2-2,2568827,BOU vs EAG (2025-10-17)
163,17o35s8assv3kamxowzz77k4r,1983,Clermont,Clermont,CLE,Clermont,#FF0033,4w7x0s5gfs5abasphlha5de8k,Ligue 2 (France),1104,"119,469","33,575","61,298","18,161",5496.7,1617.7,3622,5015,1284,345,78,1983,10,CLE vs ANN,true,false,false,false,true,2025-10-17,7o42stne7pjm39bp5vnl077kk,6sqrk45zcfgwpq97no19o9sk5,11426,11426,Clermont,Annecy,ANN,0,1,Played,L 0-1,2568823,CLE vs ANN (2025-10-17)
163,e9mmk1w7cem6r4wysgassacef,428,Guingamp,Guingamp,EAG,Guingamp,#CC0033,4w7x0s5gfs5abasphlha5de8k,Ligue 2 (France),1092,"115,117","34,535","57,948","14,919",5633.7,2132.5,3575,4959,1103,348,109,428,10,BOU vs EAG,false,true,false,true,false,2025-10-17,7pnzat9peazg73lad7vwbx8us,9az8hqkkijc34ol021425ixg5,2129,2129,Guingamp,Boulogne,BOU,2,2,Played,T 2-2,2568827,BOU vs EAG (2025-10-17)
163,2u30h0xpbfzv0byj4j7d8c4ug,3308,Rodez,Rodez,RAF,Rodez,#FF0000,4w7x0s5gfs5abasphlha5de8k,Ligue 2 (France),1094,"117,123","34,332","56,487","17,369",6606.1,2409.3,3597,4940,1271,407,110,3308,10,RAF vs SR,true,false,false,true,false,2025-10-17,7nctw4m2mvsev8obr6arg7fh0,3c3jcs7vc1t6vz5lev162jyv7,1423,1423,Rodez,Reims,SR,2,2,Played,T 2-2,2568821,RAF vs SR (2025-10-17)
163,25s5qx846iw05y8t9pinrbhh1,5420,Pau,Pau,PAU,Pau,#FFFF00,4w7x0s5gfs5abasphlha5de8k,Ligue 2 (France),1049,"116,803","33,634","58,726","16,236",6061.7,1864.4,3701,5005,1183,376,97,5420,10,GRE vs PAU,false,true,false,true,false,2025-10-17,7q1l7z05zukr91v0bb10w9lp0,2ku5qqmv6i842rujioksaatx7,1272,1272,Pau,Grenoble,GRE,1,1,Played,T 1-1,2568828,GRE vs PAU (2025-10-17)
163,6l07ga27xfsr7485fuc1ilkkc,139,Bastia,Bastia,SCB,Bastia,#0000FF,4w7x0s5gfs5abasphlha5de8k,Ligue 2 (France),1025,"110,330","35,883","52,970","13,867",4856.4,1752.9,3339,4508,1012,302,82,139,10,TRO vs SCB,false,true,false,false,true,2025-10-17,7owtcvnl9hh5rcfsmvx5ot0yc,3unkqo2g6ag99gd5ynz1j7vse,154,154,Bastia,Troyes,TRO,0,1,Played,L 0-1,2568825,TRO vs SCB (2025-10-17)
163,2ku5qqmv6i842rujioksaatx7,1272,Grenoble,Grenoble,GRE,Grenoble,#014898,4w7x0s5gfs5abasphlha5de8k,Ligue 2 (France),1049,"118,216","32,109","60,041","17,897",6644.8,1815.4,3531,4927,1283,415,87,1272,10,GRE vs PAU,true,false,false,true,false,2025-10-17,7q1l7z05zukr91v0bb10w9lp0,25s5qx846iw05y8t9pinrbhh1,5420,5420,Grenoble,Pau,PAU,1,1,Played,T 1-1,2568828,GRE vs PAU (2025-10-17)
163,3unkqo2g6ag99gd5ynz1j7vse,154,Troyes,Troyes,TRO,Troyes,#0000CC,4w7x0s5gfs5abasphlha5de8k,Ligue 2 (France),954,"105,200","32,633","52,437","13,356",4926.5,1663.2,3247,4367,970,304,77,154,10,TRO vs SCB,true,false,true,false,false,2025-10-17,7owtcvnl9hh5rcfsmvx5ot0yc,6l07ga27xfsr7485fuc1ilkkc,139,139,Troyes,Bastia,SCB,1,0,Played,W 1-0,2568825,TRO vs SCB (2025-10-17)
173,75gwk94q9jkoh78jk8nlay4xj,2298,Laval,Laval,LAV,Laval,#FFA500,4w7x0s5gfs5abasphlha5de8k,Ligue 2 (France),1066,"115,922","34,121","58,376","15,693",6041.4,2002.3,3683,4997,1161,370,101,2298,10,LAV vs RED,true,false,false,false,true,2025-10-18,7pagpcbcz4tzcz3llxyrtgnx0,7qdfg7vuzf70wurnpx0bawlqk,915,915,Laval,Red Star,RED,0,1,Played,L 0-1,2568826,LAV vs RED (2025-10-18)
173,2cjpmotqo8phcqfpgo9xf4gel,147,Montpellier,Montpellier,MON,Montpellier,#0000FF,4w7x0s5gfs5abasphlha5de8k,Ligue 2 (France),1095,0.0,0.0,0.0,0.0,0.0,0.0,0,0,0,0,0,147,10,DUN vs MON,false,true,true,false,false,2025-10-18,7nqj0ppspp8x4uaaclwn977dg,15ip1h6m0b4e8xfi597y5uo5u,3288,3288,Montpellier,Dunkerque,DUN,1,0,Played,W 1-0,2568822,DUN vs MON (2025-10-18)
173,bj8hrmj01r3zit0x8r6qm2eu2,920,Le Mans,Le Mans,LEM,Le Mans,#FF3300,4w7x0s5gfs5abasphlha5de8k,Ligue 2 (France),1072,"112,036","32,443","51,730","17,798",7291.7,2249.0,3232,4540,1262,434,106,920,10,ASS vs LEM,false,true,true,false,false,2025-10-18,7mz5i122dn8ltrfpizb7t29lg,2sc9xfhu6tbru9hhlhr4a89zn,152,152,Le Mans,Saint-Étienne,ASS,3,2,Played,W 3-2,2568820,ASS vs LEM (2025-10-18)
173,7qdfg7vuzf70wurnpx0bawlqk,915,Red Star,Red Star,RED,Red Star,#008000,4w7x0s5gfs5abasphlha5de8k,Ligue 2 (France),1066,"113,765","33,771","58,874","14,736",5759.8,1658.7,3759,5066,1090,357,86,915,10,LAV vs RED,false,true,true,false,false,2025-10-18,7pagpcbcz4tzcz3llxyrtgnx0,75gwk94q9jkoh78jk8nlay4xj,2298,2298,Red Star,Laval,LAV,1,0,Played,W 1-0,2568826,LAV vs RED (2025-10-18)
173,2sc9xfhu6tbru9hhlhr4a89zn,152,Saint-Étienne,Saint-Étienne,ASS,Saint-Étienne,#009933,4w7x0s5gfs5abasphlha5de8k,Ligue 2 (France),1072,"105,484","34,359","47,835","14,031",6065.4,2355.3,3088,4160,1011,372,111,152,10,ASS vs LEM,true,false,false,false,true,2025-10-18,7mz5i122dn8ltrfpizb7t29lg,bj8hrmj01r3zit0x8r6qm2eu2,920,920,Saint-Étienne,Le Mans,LEM,2,3,Played,L 2-3,2568820,ASS vs LEM (2025-10-18)
179,69b9aoly33h1gpicvxtfteoug,148,Nancy,Nancy,NAC,Nancy,#ff0000,4w7x0s5gfs5abasphlha5de8k,Ligue 2 (France),1100,"111,490","34,365","55,333","14,339",4995.1,1708.0,3403,4681,1056,305,81,148,10,NAC vs AMI,true,false,false,false,true,2025-10-20,7oj8uyxb1e7zlfp4993g6a9sk,5191cnvhmuct5kn7yvr0nvd9d,1430,1430,Nancy,Amiens SC,AMI,0,1,Played,L 0-1,2568824,NAC vs AMI (2025-10-20)
179,5191cnvhmuct5kn7yvr0nvd9d,1430,Amiens SC,Amiens SC,AMI,Amiens,#D3D3D3,4w7x0s5gfs5abasphlha5de8k,Ligue 2 (France),1100,"108,586","34,569","54,567","13,378",4422.7,1658.8,3419,4561,984,281,80,1430,10,NAC vs AMI,false,true,true,false,false,2025-10-20,7oj8uyxb1e7zlfp4993g6a9sk,69b9aoly33h1gpicvxtfteoug,148,148,Amiens SC,Nancy,NAC,1,0,Played,W 1-0,2568824,NAC vs AMI (2025-10-20)
181,3c3jcs7vc1t6vz5lev162jyv7,1423,Reims,Reims,SR,Reims,#FF0000,4w7x0s5gfs5abasphlha5de8k,Ligue 2 (France),1054,"114,913","33,720","54,761","16,932",6468.6,2365.2,3552,4839,1204,401,110,1423,11,SR vs TRO,true,false,false,true,false,2025-10-24,7soq10wo3gbhwbrl6u0keneac,3unkqo2g6ag99gd5ynz1j7vse,154,154,Reims,Troyes,TRO,0,0,Played,T 0-0,2568835,SR vs TRO (2025-10-24)
181,9az8hqkkijc34ol021425ixg5,2129,Boulogne,Boulogne,BOU,Boulogne,#ff0000,4w7x0s5gfs5abasphlha5de8k,Ligue 2 (France),1068,"110,262","32,749","55,187","15,106",5991.1,1743.1,3354,4602,1112,364,93,2129,11,LEM vs BOU,false,true,false,false,true,2025-10-24,7qstcgtvjb5eq00aieyxkn2tw,bj8hrmj01r3zit0x8r6qm2eu2,920,920,Boulogne,Le Mans,LEM,0,1,Played,L 0-1,2568830,LEM vs BOU (2025-10-24)
181,17o35s8assv3kamxowzz77k4r,1983,Clermont,Clermont,CLE,Clermont,#FF0033,4w7x0s5gfs5abasphlha5de8k,Ligue 2 (France),1079,"120,122","32,106","62,906","17,892",5985.7,1663.5,3929,5449,1318,375,84,1983,11,EAG vs CLE,false,true,true,false,false,2025-10-24,7r6d6vz6g6mjglqsje2w8x6ac,e9mmk1w7cem6r4wysgassacef,428,428,Clermont,Guingamp,EAG,1,0,Played,W 1-0,2568831,EAG vs CLE (2025-10-24)
181,e9mmk1w7cem6r4wysgassacef,428,Guingamp,Guingamp,EAG,Guingamp,#CC0033,4w7x0s5gfs5abasphlha5de8k,Ligue 2 (France),1079,"119,725","33,124","63,213","16,415",5861.3,1936.3,3908,5408,1222,362,99,428,11,EAG vs CLE,true,false,false,false,true,2025-10-24,7r6d6vz6g6mjglqsje2w8x6ac,17o35s8assv3kamxowzz77k4r,1983,1983,Guingamp,Clermont,CLE,0,1,Played,L 0-1,2568831,EAG vs CLE (2025-10-24)
181,bj8hrmj01r3zit0x8r6qm2eu2,920,Le Mans,Le Mans,LEM,Le Mans,#FF3300,4w7x0s5gfs5abasphlha5de8k,Ligue 2 (France),1068,"113,064","33,888","52,380","17,881",6635.3,1922.0,3378,4721,1284,413,97,920,11,LEM vs BOU,true,false,true,false,false,2025-10-24,7qstcgtvjb5eq00aieyxkn2tw,9az8hqkkijc34ol021425ixg5,2129,2129,Le Mans,Boulogne,BOU,1,0,Played,W 1-0,2568830,LEM vs BOU (2025-10-24)
181,7qdfg7vuzf70wurnpx0bawlqk,915,Red Star,Red Star,RED,Red Star,#008000,4w7x0s5gfs5abasphlha5de8k,Ligue 2 (France),1056,"114,943","33,459","58,574","15,533",5685.2,1835.0,3630,5032,1162,357,89,915,11,RED vs GRE,true,false,true,false,false,2025-10-24,7rxhscvbrb7u6la8vsaj3v11w,2ku5qqmv6i842rujioksaatx7,1272,1272,Red Star,Grenoble,GRE,1,0,Played,W 1-0,2568833,RED vs GRE (2025-10-24)
181,25s5qx846iw05y8t9pinrbhh1,5420,Pau,Pau,PAU,Pau,#FFFF00,4w7x0s5gfs5abasphlha5de8k,Ligue 2 (France),1014,"107,661","32,982","53,338","14,432",5507.1,1582.8,3598,4740,1074,335,76,5420,11,PAU vs DUN,true,false,false,false,true,2025-10-24,7qf59ieph4a6dmfp0a8n02v4k,15ip1h6m0b4e8xfi597y5uo5u,3288,3288,Pau,Dunkerque,DUN,0,3,Played,L 0-3,2568829,PAU vs DUN (2025-10-24)
181,2ku5qqmv6i842rujioksaatx7,1272,Grenoble,Grenoble,GRE,Grenoble,#014898,4w7x0s5gfs5abasphlha5de8k,Ligue 2 (France),1056,"117,732","32,205","60,201","17,186",6281.7,2053.8,3598,5119,1266,396,102,1272,11,RED vs GRE,false,true,false,false,true,2025-10-24,7rxhscvbrb7u6la8vsaj3v11w,7qdfg7vuzf70wurnpx0bawlqk,915,915,Grenoble,Red Star,RED,0,1,Played,L 0-1,2568833,RED vs GRE (2025-10-24)
181,3unkqo2g6ag99gd5ynz1j7vse,154,Troyes,Troyes,TRO,Troyes,#0000CC,4w7x0s5gfs5abasphlha5de8k,Ligue 2 (France),1054,"112,942","32,806","56,450","15,668",5904.1,2255.7,3583,4831,1116,371,105,154,11,SR vs TRO,false,true,false,true,false,2025-10-24,7soq10wo3gbhwbrl6u0keneac,3c3jcs7vc1t6vz5lev162jyv7,1423,1423,Troyes,Reims,SR,0,0,Played,T 0-0,2568835,SR vs TRO (2025-10-24)
191,2cjpmotqo8phcqfpgo9xf4gel,147,Montpellier,Montpellier,MON,Montpellier,#0000FF,4w7x0s5gfs5abasphlha5de8k,Ligue 2 (France),1067,"105,821","34,653","50,869","12,946",5102.5,1700.4,3330,4390,954,317,86,147,11,MON vs NAC,true,false,true,false,false,2025-10-25,7t25e9orxl72o9zff0ovz3dhw,69b9aoly33h1gpicvxtfteoug,148,148,Montpellier,Nancy,NAC,4,1,Played,W 4-1,2568836,MON vs NAC (2025-10-25)
191,69b9aoly33h1gpicvxtfteoug,148,Nancy,Nancy,NAC,Nancy,#ff0000,4w7x0s5gfs5abasphlha5de8k,Ligue 2 (France),992,"100,902","31,876","50,473","12,706",4907.4,1377.8,3196,4318,955,302,68,148,11,MON vs NAC,false,true,false,false,true,2025-10-25,7t25e9orxl72o9zff0ovz3dhw,2cjpmotqo8phcqfpgo9xf4gel,147,147,Nancy,Montpellier,MON,1,4,Played,L 1-4,2568836,MON vs NAC (2025-10-25)
191,2u30h0xpbfzv0byj4j7d8c4ug,3308,Rodez,Rodez,RAF,Rodez,#FF0000,4w7x0s5gfs5abasphlha5de8k,Ligue 2 (France),1095,"117,524","33,869","57,127","17,396",7315.6,2265.6,3430,4790,1273,448,117,3308,11,AMI vs RAF,false,true,false,false,true,2025-10-25,7rk0zipizz10ia7bopj0afims,5191cnvhmuct5kn7yvr0nvd9d,1430,1430,Rodez,Amiens SC,AMI,1,2,Played,L 1-2,2568832,AMI vs RAF (2025-10-25)
191,5191cnvhmuct5kn7yvr0nvd9d,1430,Amiens SC,Amiens SC,AMI,Amiens,#D3D3D3,4w7x0s5gfs5abasphlha5de8k,Ligue 2 (France),1095,"114,302","34,559","54,627","16,845",6494.8,1966.8,3423,4702,1209,417,99,1430,11,AMI vs RAF,true,false,true,false,false,2025-10-25,7rk0zipizz10ia7bopj0afims,2u30h0xpbfzv0byj4j7d8c4ug,3308,3308,Amiens SC,Rodez,RAF,2,1,Played,W 2-1,2568832,AMI vs RAF (2025-10-25)
191,2sc9xfhu6tbru9hhlhr4a89zn,152,Saint-Étienne,Saint-Étienne,ASS,Saint-Étienne,#009933,4w7x0s5gfs5abasphlha5de8k,Ligue 2 (France),981,"111,494","29,504","56,540","17,079",6300.2,2172.4,3385,4852,1260,393,106,152,11,ANN vs ASS,false,true,false,false,true,2025-10-25,7thjhsiccnupc1g89967d9444,6sqrk45zcfgwpq97no19o9sk5,11426,11426,Saint-Étienne,Annecy,ANN,0,4,Played,L 0-4,2568837,ANN vs ASS (2025-10-25)
197,75gwk94q9jkoh78jk8nlay4xj,2298,Laval,Laval,LAV,Laval,#FFA500,4w7x0s5gfs5abasphlha5de8k,Ligue 2 (France),1095,"116,307","34,730","55,722","16,745",6653.2,2263.9,3470,4804,1220,401,110,2298,12,LAV vs LEM,true,false,false,true,false,2025-10-28,7w5i7jqcbui5zsiudrrg61udw,bj8hrmj01r3zit0x8r6qm2eu2,920,920,Laval,Le Mans,LEM,1,1,Played,T 1-1,2568844,LAV vs LEM (2025-10-28)
197,3c3jcs7vc1t6vz5lev162jyv7,1423,Reims,Reims,SR,Reims,#FF0000,4w7x0s5gfs5abasphlha5de8k,Ligue 2 (France),1077,"117,003","33,414","57,904","17,092",6548.7,2453.1,3640,5158,1283,422,117,1423,12,BOU vs SR,false,true,true,false,false,2025-10-28,7u8uxeug16kuvc1w8u5pkbr4k,9az8hqkkijc34ol021425ixg5,2129,2129,Reims,Boulogne,BOU,6,2,Played,W 6-2,2568839,BOU vs SR (2025-10-28)
197,9az8hqkkijc34ol021425ixg5,2129,Boulogne,Boulogne,BOU,Boulogne,#ff0000,4w7x0s5gfs5abasphlha5de8k,Ligue 2 (France),1077,"119,318","31,625","61,385","17,714",6992.1,2385.3,3584,5224,1309,441,121,2129,12,BOU vs SR,true,false,false,false,true,2025-10-28,7u8uxeug16kuvc1w8u5pkbr4k,3c3jcs7vc1t6vz5lev162jyv7,1423,1423,Boulogne,Reims,SR,2,6,Played,L 2-6,2568839,BOU vs SR (2025-10-28)
197,2cjpmotqo8phcqfpgo9xf4gel,147,Montpellier,Montpellier,MON,Montpellier,#0000FF,4w7x0s5gfs5abasphlha5de8k,Ligue 2 (France),1052,"108,946","34,595","52,867","14,673",6161.5,2142.1,3406,4615,1059,378,103,147,12,CLE vs MON,false,true,false,true,false,2025-10-28,7umsr668el5imdurd7wiyh0d0,17o35s8assv3kamxowzz77k4r,1983,1983,Montpellier,Clermont,CLE,1,1,Played,T 1-1,2568840,CLE vs MON (2025-10-28)
197,17o35s8assv3kamxowzz77k4r,1983,Clermont,Clermont,CLE,Clermont,#FF0033,4w7x0s5gfs5abasphlha5de8k,Ligue 2 (France),1052,"109,547","33,493","52,840","14,807",6098.3,2148.8,3440,4632,1086,381,100,1983,12,CLE vs MON,true,false,false,true,false,2025-10-28,7umsr668el5imdurd7wiyh0d0,2cjpmotqo8phcqfpgo9xf4gel,147,147,Clermont,Montpellier,MON,1,1,Played,T 1-1,2568840,CLE vs MON (2025-10-28)
197,e9mmk1w7cem6r4wysgassacef,428,Guingamp,Guingamp,EAG,Guingamp,#CC0033,4w7x0s5gfs5abasphlha5de8k,Ligue 2 (France),1015,"115,164","31,038","61,997","15,485",5176.9,1769.1,3787,5163,1149,320,85,428,12,GRE vs EAG,false,true,false,true,false,2025-10-28,7wwp8pmyotf41tkwyw5vgbztg,2ku5qqmv6i842rujioksaatx7,1272,1272,Guingamp,Grenoble,GRE,0,0,Played,T 0-0,2568846,GRE vs EAG (2025-10-28)
197,69b9aoly33h1gpicvxtfteoug,148,Nancy,Nancy,NAC,Nancy,#ff0000,4w7x0s5gfs5abasphlha5de8k,Ligue 2 (France),1111,"114,359","34,375","56,258","15,569",5857.9,1735.5,3436,4731,1146,374,84,148,12,NAC vs SCB,true,false,true,false,false,2025-10-28,7vrtwmbtuukkrabevdkdy3llg,6l07ga27xfsr7485fuc1ilkkc,139,139,Nancy,Bastia,SCB,2,0,Played,W 2-0,2568843,NAC vs SCB (2025-10-28)
197,2u30h0xpbfzv0byj4j7d8c4ug,3308,Rodez,Rodez,RAF,Rodez,#FF0000,4w7x0s5gfs5abasphlha5de8k,Ligue 2 (France),1072,"114,768","34,382","55,792","16,187",6441.8,2182.3,3490,4892,1206,406,103,3308,12,RAF vs ANN,true,false,true,false,false,2025-10-28,7ve48oko3q8s7esn27mu8y9sk,6sqrk45zcfgwpq97no19o9sk5,11426,11426,Rodez,Annecy,ANN,2,1,Played,W 2-1,2568842,RAF vs ANN (2025-10-28)
197,5191cnvhmuct5kn7yvr0nvd9d,1430,Amiens SC,Amiens SC,AMI,Amiens,#D3D3D3,4w7x0s5gfs5abasphlha5de8k,Ligue 2 (France),1079,"111,856","34,560","54,919","15,606",5495.0,1569.6,3528,4810,1151,340,80,1430,12,TRO vs AMI,false,true,false,false,true,2025-10-28,7wj0abi70g4bgij3r6ificy6s,3unkqo2g6ag99gd5ynz1j7vse,154,154,Amiens SC,Troyes,TRO,1,3,Played,L 1-3,2568845,TRO vs AMI (2025-10-28)
197,bj8hrmj01r3zit0x8r6qm2eu2,920,Le Mans,Le Mans,LEM,Le Mans,#FF3300,4w7x0s5gfs5abasphlha5de8k,Ligue 2 (France),1095,"119,249","34,112","54,739","19,300",7894.2,2381.8,3414,4873,1400,496,124,920,12,LAV vs LEM,false,true,false,true,false,2025-10-28,7w5i7jqcbui5zsiudrrg61udw,75gwk94q9jkoh78jk8nlay4xj,2298,2298,Le Mans,Laval,LAV,1,1,Played,T 1-1,2568844,LAV vs LEM (2025-10-28)
197,7qdfg7vuzf70wurnpx0bawlqk,915,Red Star,Red Star,RED,Red Star,#008000,4w7x0s5gfs5abasphlha5de8k,Ligue 2 (France),1114,"121,226","34,579","60,687","17,358",6657.1,1778.3,3751,5190,1262,421,90,915,12,DUN vs RED,false,true,false,false,true,2025-10-28,7v0fnshw8ymo8efj2y4ej9zbo,15ip1h6m0b4e8xfi597y5uo5u,3288,3288,Red Star,Dunkerque,DUN,0,3,Played,L 0-3,2568841,DUN vs RED (2025-10-28)
197,25s5qx846iw05y8t9pinrbhh1,5420,Pau,Pau,PAU,Pau,#FFFF00,4w7x0s5gfs5abasphlha5de8k,Ligue 2 (France),1071,"110,427","34,222","53,521","14,912",6046.1,1718.5,3571,4721,1104,379,89,5420,12,ASS vs PAU,false,true,false,false,true,2025-10-28,7tv6mmzn96bp33w4y5nilskyc,2sc9xfhu6tbru9hhlhr4a89zn,152,152,Pau,Saint-Étienne,ASS,0,6,Played,L 0-6,2568838,ASS vs PAU (2025-10-28)
197,2sc9xfhu6tbru9hhlhr4a89zn,152,Saint-Étienne,Saint-Étienne,ASS,Saint-Étienne,#009933,4w7x0s5gfs5abasphlha5de8k,Ligue 2 (France),1076,"113,083","34,235","55,009","15,256",6227.7,2292.9,3404,4641,1108,384,110,152,12,ASS vs PAU,true,false,true,false,false,2025-10-28,7tv6mmzn96bp33w4y5nilskyc,25s5qx846iw05y8t9pinrbhh1,5420,5420,Saint-Étienne,Pau,PAU,6,0,Played,W 6-0,2568838,ASS vs PAU (2025-10-28)
197,6l07ga27xfsr7485fuc1ilkkc,139,Bastia,Bastia,SCB,Bastia,#0000FF,4w7x0s5gfs5abasphlha5de8k,Ligue 2 (France),1111,"111,846","35,142","53,397","14,479",5725.3,2146.7,3466,4633,1059,356,96,139,12,NAC vs SCB,false,true,false,false,true,2025-10-28,7vrtwmbtuukkrabevdkdy3llg,69b9aoly33h1gpicvxtfteoug,148,148,Bastia,Nancy,NAC,0,2,Played,L 0-2,2568843,NAC vs SCB (2025-10-28)
197,2ku5qqmv6i842rujioksaatx7,1272,Grenoble,Grenoble,GRE,Grenoble,#014898,4w7x0s5gfs5abasphlha5de8k,Ligue 2 (France),1015,"119,007","30,021","63,447","18,022",6159.3,1663.7,3621,5172,1331,392,87,1272,12,GRE vs EAG,true,false,false,true,false,2025-10-28,7wwp8pmyotf41tkwyw5vgbztg,e9mmk1w7cem6r4wysgassacef,428,428,Grenoble,Guingamp,EAG,0,0,Played,T 0-0,2568846,GRE vs EAG (2025-10-28)
197,3unkqo2g6ag99gd5ynz1j7vse,154,Troyes,Troyes,TRO,Troyes,#0000CC,4w7x0s5gfs5abasphlha5de8k,Ligue 2 (France),1079,"113,749","34,331","56,120","15,368",5912.2,1733.4,3475,4751,1124,367,86,154,12,TRO vs AMI,true,false,true,false,false,2025-10-28,7wj0abi70g4bgij3r6ificy6s,5191cnvhmuct5kn7yvr0nvd9d,1430,1430,Troyes,Amiens SC,AMI,3,1,Played,W 3-1,2568845,TRO vs AMI (2025-10-28)
215,75gwk94q9jkoh78jk8nlay4xj,2298,Laval,Laval,LAV,Laval,#FFA500,4w7x0s5gfs5abasphlha5de8k,Ligue 2 (France),1112,"118,455","34,411","59,035","16,742",5951.9,1966.2,3593,5017,1238,378,91,2298,13,EAG vs LAV,false,true,false,false,true,2025-10-31,7yh0imy0npjil4m1c6st373tg,e9mmk1w7cem6r4wysgassacef,428,428,Laval,Guingamp,EAG,0,2,Played,L 0-2,2568850,EAG vs LAV (2025-10-31)
215,9az8hqkkijc34ol021425ixg5,2129,Boulogne,Boulogne,BOU,Boulogne,#ff0000,4w7x0s5gfs5abasphlha5de8k,Ligue 2 (France),1108,"119,862","34,546","59,848","17,081",6255.6,2183.3,3581,4993,1212,389,108,2129,13,ANN vs BOU,false,true,false,true,false,2025-10-31,7yulo36exo03tz7xizxbyg74k,6sqrk45zcfgwpq97no19o9sk5,11426,11426,Boulogne,Annecy,ANN,1,1,Played,T 1-1,2568851,ANN vs BOU (2025-10-31)
215,2cjpmotqo8phcqfpgo9xf4gel,147,Montpellier,Montpellier,MON,Montpellier,#0000FF,4w7x0s5gfs5abasphlha5de8k,Ligue 2 (France),1057,"109,034","34,147","52,218","13,861",6157.2,1996.5,3387,4442,1003,376,92,147,13,MON vs RAF,true,false,true,false,false,2025-10-31,7zltjoitdeu46hww9q6x4v8r8,2u30h0xpbfzv0byj4j7d8c4ug,3308,3308,Montpellier,Rodez,RAF,2,0,Played,W 2-0,2568853,MON vs RAF (2025-10-31)
215,17o35s8assv3kamxowzz77k4r,1983,Clermont,Clermont,CLE,Clermont,#FF0033,4w7x0s5gfs5abasphlha5de8k,Ligue 2 (France),1089,"106,519","34,515","51,762","13,734",5132.6,1613.7,3351,4466,1022,318,76,1983,13,SCB vs CLE,false,true,false,false,true,2025-10-31,7z89f8cra71o0i2rzp1tw9hqs,6l07ga27xfsr7485fuc1ilkkc,139,139,Clermont,Bastia,SCB,0,1,Played,L 0-1,2568852,SCB vs CLE (2025-10-31)
215,e9mmk1w7cem6r4wysgassacef,428,Guingamp,Guingamp,EAG,Guingamp,#CC0033,4w7x0s5gfs5abasphlha5de8k,Ligue 2 (France),1112,"115,448","35,047","57,913","15,011",5280.3,1881.0,3615,4932,1115,333,93,428,13,EAG vs LAV,true,false,true,false,false,2025-10-31,7yh0imy0npjil4m1c6st373tg,75gwk94q9jkoh78jk8nlay4xj,2298,2298,Guingamp,Laval,LAV,2,0,Played,W 2-0,2568850,EAG vs LAV (2025-10-31)
215,69b9aoly33h1gpicvxtfteoug,148,Nancy,Nancy,NAC,Nancy,#ff0000,4w7x0s5gfs5abasphlha5de8k,Ligue 2 (France),1051,"108,963","33,574","52,256","14,864",6007.9,2169.3,3273,4469,1089,371,103,148,13,LEM vs NAC,false,true,false,false,true,2025-10-31,7xo0wpof4gtj6g3e5d3okk7bo,bj8hrmj01r3zit0x8r6qm2eu2,920,920,Nancy,Le Mans,LEM,0,1,Played,L 0-1,2568848,LEM vs NAC (2025-10-31)
215,2u30h0xpbfzv0byj4j7d8c4ug,3308,Rodez,Rodez,RAF,Rodez,#FF0000,4w7x0s5gfs5abasphlha5de8k,Ligue 2 (France),996,"111,074","30,256","54,917","16,771",6640.6,2362.1,3217,4529,1221,412,101,3308,13,MON vs RAF,false,true,false,false,true,2025-10-31,7zltjoitdeu46hww9q6x4v8r8,2cjpmotqo8phcqfpgo9xf4gel,147,147,Rodez,Montpellier,MON,0,2,Played,L 0-2,2568853,MON vs RAF (2025-10-31)
215,bj8hrmj01r3zit0x8r6qm2eu2,920,Le Mans,Le Mans,LEM,Le Mans,#FF3300,4w7x0s5gfs5abasphlha5de8k,Ligue 2 (France),1051,"112,512","33,211","52,565","17,446",6950.1,2355.1,3309,4624,1253,429,122,920,13,LEM vs NAC,true,false,true,false,false,2025-10-31,7xo0wpof4gtj6g3e5d3okk7bo,69b9aoly33h1gpicvxtfteoug,148,148,Le Mans,Nancy,NAC,1,0,Played,W 1-0,2568848,LEM vs NAC (2025-10-31)
215,6l07ga27xfsr7485fuc1ilkkc,139,Bastia,Bastia,SCB,Bastia,#0000FF,4w7x0s5gfs5abasphlha5de8k,Ligue 2 (France),1089,"107,494","34,734","50,295","14,618",5638.4,1893.1,3393,4502,1057,348,91,139,13,SCB vs CLE,true,false,true,false,false,2025-10-31,7z89f8cra71o0i2rzp1tw9hqs,17o35s8assv3kamxowzz77k4r,1983,1983,Bastia,Clermont,CLE,1,0,Played,W 1-0,2568852,SCB vs CLE (2025-10-31)
225,3c3jcs7vc1t6vz5lev162jyv7,1423,Reims,Reims,SR,Reims,#FF0000,4w7x0s5gfs5abasphlha5de8k,Ligue 2 (France),1112,"116,484","34,103","56,798","16,953",6589.2,1986.8,3486,4910,1247,418,101,1423,13,SR vs DUN,true,false,false,false,true,2025-11-01,80d2hzt4qn7tng1txfauxrac4,15ip1h6m0b4e8xfi597y5uo5u,3288,3288,Reims,Dunkerque,DUN,1,2,Played,L 1-2,2568855,SR vs DUN (2025-11-01)
225,5191cnvhmuct5kn7yvr0nvd9d,1430,Amiens SC,Amiens SC,AMI,Amiens,#D3D3D3,4w7x0s5gfs5abasphlha5de8k,Ligue 2 (France),1145,"121,235","35,817","57,561","18,605",7196.2,2335.0,3662,4960,1344,431,104,1430,13,AMI vs GRE,true,false,false,false,true,2025-11-01,7y1tt870jc01bfri1w45oy13o,2ku5qqmv6i842rujioksaatx7,1272,1272,Amiens SC,Grenoble,GRE,2,3,Played,L 2-3,2568849,AMI vs GRE (2025-11-01)
225,7qdfg7vuzf70wurnpx0bawlqk,915,Red Star,Red Star,RED,Red Star,#008000,4w7x0s5gfs5abasphlha5de8k,Ligue 2 (France),1065,0.0,0.0,0.0,0.0,0.0,0.0,0,0,0,0,0,915,13,RED vs ASS,true,false,true,false,false,2025-11-01,7zzcnsqisi3iqe0yycp4azmdw,2sc9xfhu6tbru9hhlhr4a89zn,152,152,Red Star,Saint-Étienne,ASS,2,1,Played,W 2-1,2568854,RED vs ASS (2025-11-01)
225,2sc9xfhu6tbru9hhlhr4a89zn,152,Saint-Étienne,Saint-Étienne,ASS,Saint-Étienne,#009933,4w7x0s5gfs5abasphlha5de8k,Ligue 2 (France),1065,0.0,0.0,0.0,0.0,0.0,0.0,0,0,0,0,0,152,13,RED vs ASS,false,true,false,false,true,2025-11-01,7zzcnsqisi3iqe0yycp4azmdw,7qdfg7vuzf70wurnpx0bawlqk,915,915,Saint-Étienne,Red Star,RED,1,2,Played,L 1-2,2568854,RED vs ASS (2025-11-01)
225,2ku5qqmv6i842rujioksaatx7,1272,Grenoble,Grenoble,GRE,Grenoble,#014898,4w7x0s5gfs5abasphlha5de8k,Ligue 2 (France),1145,"125,973","35,180","60,320","20,417",7603.8,2219.3,3545,5116,1488,502,99,1272,13,AMI vs GRE,false,true,true,false,false,2025-11-01,7y1tt870jc01bfri1w45oy13o,5191cnvhmuct5kn7yvr0nvd9d,1430,1430,Grenoble,Amiens SC,AMI,3,2,Played,W 3-2,2568849,AMI vs GRE (2025-11-01)
231,25s5qx846iw05y8t9pinrbhh1,5420,Pau,Pau,PAU,Pau,#FFFF00,4w7x0s5gfs5abasphlha5de8k,Ligue 2 (France),1019,"120,237","35,356","60,651","16,301",5726.6,1481.3,3722,5154,1209,368,80,5420,13,PAU vs TRO,true,false,false,true,false,2025-11-03,7xa9lz33zbwkkurm9s0602plg,3unkqo2g6ag99gd5ynz1j7vse,154,154,Pau,Troyes,TRO,1,1,Played,T 1-1,2568847,PAU vs TRO (2025-11-03)
231,3unkqo2g6ag99gd5ynz1j7vse,154,Troyes,Troyes,TRO,Troyes,#0000CC,4w7x0s5gfs5abasphlha5de8k,Ligue 2 (France),940,"111,023","31,815","56,117","16,570",5819.6,1392.9,3384,4704,1186,370,72,154,13,PAU vs TRO,false,true,false,true,false,2025-11-03,7xa9lz33zbwkkurm9s0602plg,25s5qx846iw05y8t9pinrbhh1,5420,5420,Troyes,Pau,PAU,1,1,Played,T 1-1,2568847,PAU vs TRO (2025-11-03)
233,75gwk94q9jkoh78jk8nlay4xj,2298,Laval,Laval,LAV,Laval,#FFA500,4w7x0s5gfs5abasphlha5de8k,Ligue 2 (France),1078,"116,699","33,350","59,427","16,351",5761.1,1854.0,3655,5119,1220,358,83,2298,14,NAC vs LAV,false,true,true,false,false,2025-11-07,83tdeydhfjt7baekvf94wvzmc,69b9aoly33h1gpicvxtfteoug,148,148,Laval,Nancy,NAC,2,0,Played,W 2-0,2568864,NAC vs LAV (2025-11-07)
233,3c3jcs7vc1t6vz5lev162jyv7,1423,Reims,Reims,SR,Reims,#FF0000,4w7x0s5gfs5abasphlha5de8k,Ligue 2 (France),1092,"113,045","33,813","53,002","17,350",6738.4,2125.9,3424,4738,1258,413,102,1423,14,SCB vs SR,false,true,true,false,false,2025-11-07,814jh7zymajhx554oudn6gsgk,6l07ga27xfsr7485fuc1ilkkc,139,139,Reims,Bastia,SCB,3,1,Played,W 3-1,2568857,SCB vs SR (2025-11-07)
233,9az8hqkkijc34ol021425ixg5,2129,Boulogne,Boulogne,BOU,Boulogne,#ff0000,4w7x0s5gfs5abasphlha5de8k,Ligue 2 (France),1057,"109,815","33,710","53,851","14,483",5891.4,1769.2,3309,4561,1069,360,98,2129,14,DUN vs BOU,false,true,false,true,false,2025-11-07,82981yse7ihg4ivrt6ylgdj4k,15ip1h6m0b4e8xfi597y5uo5u,3288,3288,Boulogne,Dunkerque,DUN,1,1,Played,T 1-1,2568860,DUN vs BOU (2025-11-07)
233,2cjpmotqo8phcqfpgo9xf4gel,147,Montpellier,Montpellier,MON,Montpellier,#0000FF,4w7x0s5gfs5abasphlha5de8k,Ligue 2 (France),1057,"105,900","34,739","48,727","14,758",5533.9,1414.5,3062,4264,1095,346,72,147,14,MON vs ANN,true,false,true,false,false,2025-11-07,81i10fv7pws9iavbc4ld4rk0k,6sqrk45zcfgwpq97no19o9sk5,11426,11426,Montpellier,Annecy,ANN,1,0,Played,W 1-0,2568858,MON vs ANN (2025-11-07)
233,17o35s8assv3kamxowzz77k4r,1983,Clermont,Clermont,CLE,Clermont,#FF0033,4w7x0s5gfs5abasphlha5de8k,Ligue 2 (France),1103,"110,431","34,703","52,818","14,584",5523.9,1990.3,3259,4522,1045,339,93,1983,14,CLE vs AMI,true,false,true,false,false,2025-11-07,81vkqz99n7a4csqr733wvb0gk,5191cnvhmuct5kn7yvr0nvd9d,1430,1430,Clermont,Amiens SC,AMI,2,1,Played,W 2-1,2568859,CLE vs AMI (2025-11-07)
233,69b9aoly33h1gpicvxtfteoug,148,Nancy,Nancy,NAC,Nancy,#ff0000,4w7x0s5gfs5abasphlha5de8k,Ligue 2 (France),1078,"116,541","32,953","59,268","16,908",5614.7,1518.4,3528,5026,1240,347,78,148,14,NAC vs LAV,true,false,false,false,true,2025-11-07,83tdeydhfjt7baekvf94wvzmc,75gwk94q9jkoh78jk8nlay4xj,2298,2298,Nancy,Laval,LAV,0,2,Played,L 0-2,2568864,NAC vs LAV (2025-11-07)
233,2u30h0xpbfzv0byj4j7d8c4ug,3308,Rodez,Rodez,RAF,Rodez,#FF0000,4w7x0s5gfs5abasphlha5de8k,Ligue 2 (France),1047,"116,095","33,149","56,014","17,042",7385.6,2853.6,3425,4737,1225,455,130,3308,14,GRE vs RAF,false,true,false,false,true,2025-11-07,82mv3zx2xgir46pfiejw0zxuc,2ku5qqmv6i842rujioksaatx7,1272,1272,Rodez,Grenoble,GRE,1,2,Played,L 1-2,2568861,GRE vs RAF (2025-11-07)
233,5191cnvhmuct5kn7yvr0nvd9d,1430,Amiens SC,Amiens SC,AMI,Amiens,#D3D3D3,4w7x0s5gfs5abasphlha5de8k,Ligue 2 (France),1103,"112,126","33,943","54,617","15,218",6118.6,1678.4,3351,4589,1126,377,84,1430,14,CLE vs AMI,false,true,false,false,true,2025-11-07,81vkqz99n7a4csqr733wvb0gk,17o35s8assv3kamxowzz77k4r,1983,1983,Amiens SC,Clermont,CLE,1,2,Played,L 1-2,2568859,CLE vs AMI (2025-11-07)
233,6l07ga27xfsr7485fuc1ilkkc,139,Bastia,Bastia,SCB,Bastia,#0000FF,4w7x0s5gfs5abasphlha5de8k,Ligue 2 (France),1092,"108,869","34,422","52,086","14,677",5996.6,2233.3,3284,4470,1060,368,110,139,14,SCB vs SR,true,false,false,false,true,2025-11-07,814jh7zymajhx554oudn6gsgk,3c3jcs7vc1t6vz5lev162jyv7,1423,1423,Bastia,Reims,SR,1,3,Played,L 1-3,2568857,SCB vs SR (2025-11-07)
233,2ku5qqmv6i842rujioksaatx7,1272,Grenoble,Grenoble,GRE,Grenoble,#014898,4w7x0s5gfs5abasphlha5de8k,Ligue 2 (France),1047,"114,854","33,052","54,839","17,124",7514.5,2926.7,3377,4635,1219,451,136,1272,14,GRE vs RAF,true,false,true,false,false,2025-11-07,82mv3zx2xgir46pfiejw0zxuc,2u30h0xpbfzv0byj4j7d8c4ug,3308,3308,Grenoble,Rodez,RAF,2,1,Played,W 2-1,2568861,GRE vs RAF (2025-11-07)
245,e9mmk1w7cem6r4wysgassacef,428,Guingamp,Guingamp,EAG,Guingamp,#CC0033,4w7x0s5gfs5abasphlha5de8k,Ligue 2 (France),1070,"116,692","33,650","59,560","16,280",5727.9,1756.6,3746,5128,1201,362,83,428,14,EAG vs PAU,true,false,false,true,false,2025-11-08,83frdj864wn995p2dvcrjb9xw,25s5qx846iw05y8t9pinrbhh1,5420,5420,Guingamp,Pau,PAU,2,2,Played,T 2-2,2568863,EAG vs PAU (2025-11-08)
245,bj8hrmj01r3zit0x8r6qm2eu2,920,Le Mans,Le Mans,LEM,Le Mans,#FF3300,4w7x0s5gfs5abasphlha5de8k,Ligue 2 (France),1053,"122,687","32,480","60,910","20,175",7716.4,2329.1,3606,5187,1434,472,113,920,14,LEM vs RED,true,false,false,true,false,2025-11-08,830co8p75d357nwa760maqj9w,7qdfg7vuzf70wurnpx0bawlqk,915,915,Le Mans,Red Star,RED,0,0,Played,T 0-0,2568862,LEM vs RED (2025-11-08)
245,7qdfg7vuzf70wurnpx0bawlqk,915,Red Star,Red Star,RED,Red Star,#008000,4w7x0s5gfs5abasphlha5de8k,Ligue 2 (France),1053,"115,909","33,864","58,264","16,037",6172.0,1834.7,3636,4867,1181,390,91,915,14,LEM vs RED,false,true,false,true,false,2025-11-08,830co8p75d357nwa760maqj9w,bj8hrmj01r3zit0x8r6qm2eu2,920,920,Red Star,Le Mans,LEM,0,0,Played,T 0-0,2568862,LEM vs RED (2025-11-08)
245,25s5qx846iw05y8t9pinrbhh1,5420,Pau,Pau,PAU,Pau,#FFFF00,4w7x0s5gfs5abasphlha5de8k,Ligue 2 (France),1070,"119,341","33,281","60,178","17,501",6441.1,1967.8,3698,5190,1274,400,96,5420,14,EAG vs PAU,false,true,false,true,false,2025-11-08,83frdj864wn995p2dvcrjb9xw,e9mmk1w7cem6r4wysgassacef,428,428,Pau,Guingamp,EAG,2,2,Played,T 2-2,2568863,EAG vs PAU (2025-11-08)
245,2sc9xfhu6tbru9hhlhr4a89zn,152,Saint-Étienne,Saint-Étienne,ASS,Saint-Étienne,#009933,4w7x0s5gfs5abasphlha5de8k,Ligue 2 (France),1101,"121,229","33,452","60,678","18,557",6907.9,2063.5,3617,5162,1343,437,102,152,14,TRO vs ASS,false,true,true,false,false,2025-11-08,80qurkl3top7hcyijynb6z504,3unkqo2g6ag99gd5ynz1j7vse,154,154,Saint-Étienne,Troyes,TRO,3,2,Played,W 3-2,2568856,TRO vs ASS (2025-11-08)
245,3unkqo2g6ag99gd5ynz1j7vse,154,Troyes,Troyes,TRO,Troyes,#0000CC,4w7x0s5gfs5abasphlha5de8k,Ligue 2 (France),1101,"119,790","34,003","59,934","17,430",6624.1,1921.8,3516,4940,1265,418,99,154,14,TRO vs ASS,true,false,false,false,true,2025-11-08,80qurkl3top7hcyijynb6z504,2sc9xfhu6tbru9hhlhr4a89zn,152,152,Troyes,Saint-Étienne,ASS,2,3,Played,L 2-3,2568856,TRO vs ASS (2025-11-08)
251,75gwk94q9jkoh78jk8nlay4xj,2298,Laval,Laval,LAV,Laval,#FFA500,4w7x0s5gfs5abasphlha5de8k,Ligue 2 (France),1064,"121,964","32,639","62,989","17,620",6970.0,2007.3,3816,5327,1291,431,104,2298,15,LAV vs TRO,true,false,false,false,true,2025-11-21,862okx0geaf3u25z1nmqy7vo4,3unkqo2g6ag99gd5ynz1j7vse,154,154,Laval,Troyes,TRO,0,1,Played,L 0-1,2568870,LAV vs TRO (2025-11-21)
251,9az8hqkkijc34ol021425ixg5,2129,Boulogne,Boulogne,BOU,Boulogne,#ff0000,4w7x0s5gfs5abasphlha5de8k,Ligue 2 (France),1109,"122,379","35,358","57,036","19,139",8062.2,2757.5,4366,5559,1338,481,127,2129,15,BOU vs GRE,true,false,true,false,false,2025-11-21,84706mymj8ywxqydkhavu8o44,2ku5qqmv6i842rujioksaatx7,1272,1272,Boulogne,Grenoble,GRE,3,1,Played,W 3-1,2568865,BOU vs GRE (2025-11-21)
251,2u30h0xpbfzv0byj4j7d8c4ug,3308,Rodez,Rodez,RAF,Rodez,#FF0000,4w7x0s5gfs5abasphlha5de8k,Ligue 2 (France),1046,"121,653","32,113","61,056","18,000",7307.5,3404.2,3615,5154,1288,439,144,3308,15,RAF vs DUN,true,false,false,true,false,2025-11-21,84xz90kbgvfcxt098p2wyak2c,15ip1h6m0b4e8xfi597y5uo5u,3288,3288,Rodez,Dunkerque,DUN,1,1,Played,T 1-1,2568867,RAF vs DUN (2025-11-21)
251,bj8hrmj01r3zit0x8r6qm2eu2,920,Le Mans,Le Mans,LEM,Le Mans,#FF3300,4w7x0s5gfs5abasphlha5de8k,Ligue 2 (France),1064,"124,166","31,510","62,611","20,388",7933.4,1986.8,3593,5305,1455,501,99,920,15,PAU vs LEM,false,true,true,false,false,2025-11-21,86g9jd1k443viu77nbw3oz4lw,25s5qx846iw05y8t9pinrbhh1,5420,5420,Le Mans,Pau,PAU,2,1,Played,W 2-1,2568871,PAU vs LEM (2025-11-21)
251,25s5qx846iw05y8t9pinrbhh1,5420,Pau,Pau,PAU,Pau,#FFFF00,4w7x0s5gfs5abasphlha5de8k,Ligue 2 (France),1064,"119,260","32,925","60,445","17,264",6425.4,1862.4,3656,5118,1288,407,95,5420,15,PAU vs LEM,true,false,false,false,true,2025-11-21,86g9jd1k443viu77nbw3oz4lw,bj8hrmj01r3zit0x8r6qm2eu2,920,920,Pau,Le Mans,LEM,1,2,Played,L 1-2,2568871,PAU vs LEM (2025-11-21)
251,6l07ga27xfsr7485fuc1ilkkc,139,Bastia,Bastia,SCB,Bastia,#0000FF,4w7x0s5gfs5abasphlha5de8k,Ligue 2 (France),1059,"108,769","32,947","52,671","15,229",5954.3,1958.4,3191,4455,1101,369,90,139,15,ANN vs SCB,false,true,false,false,true,2025-11-21,85blg3wmtdon54qeuh7pm3504,6sqrk45zcfgwpq97no19o9sk5,11426,11426,Bastia,Annecy,ANN,0,1,Played,L 0-1,2568868,ANN vs SCB (2025-11-21)
251,2ku5qqmv6i842rujioksaatx7,1272,Grenoble,Grenoble,GRE,Grenoble,#014898,4w7x0s5gfs5abasphlha5de8k,Ligue 2 (France),1111,"119,363","34,804","58,710","18,219",7399.4,2409.2,3666,4939,1349,456,109,1272,15,BOU vs GRE,false,true,false,false,true,2025-11-21,84706mymj8ywxqydkhavu8o44,9az8hqkkijc34ol021425ixg5,2129,2129,Grenoble,Boulogne,BOU,1,3,Played,L 1-3,2568865,BOU vs GRE (2025-11-21)
251,3unkqo2g6ag99gd5ynz1j7vse,154,Troyes,Troyes,TRO,Troyes,#0000CC,4w7x0s5gfs5abasphlha5de8k,Ligue 2 (France),1064,"121,537","32,397","61,755","18,311",7223.3,1914.0,3687,5218,1350,447,98,154,15,LAV vs TRO,false,true,true,false,false,2025-11-21,862okx0geaf3u25z1nmqy7vo4,75gwk94q9jkoh78jk8nlay4xj,2298,2298,Troyes,Laval,LAV,1,0,Played,W 1-0,2568870,LAV vs TRO (2025-11-21)
261,17o35s8assv3kamxowzz77k4r,1983,Clermont,Clermont,CLE,Clermont,#FF0033,4w7x0s5gfs5abasphlha5de8k,Ligue 2 (France),1059,"111,371","33,780","54,122","14,967",5770.5,1904.6,3557,4799,1123,353,88,1983,15,RED vs CLE,false,true,false,true,false,2025-11-22,84khzd2ogmgmf78o7btps287o,7qdfg7vuzf70wurnpx0bawlqk,915,915,Clermont,Red Star,RED,2,2,Played,T 2-2,2568866,RED vs CLE (2025-11-22)
261,e9mmk1w7cem6r4wysgassacef,428,Guingamp,Guingamp,EAG,Guingamp,#CC0033,4w7x0s5gfs5abasphlha5de8k,Ligue 2 (France),1049,"118,163","31,756","60,331","17,670",6646.9,1882.0,3582,5043,1283,418,98,428,15,AMI vs EAG,false,true,true,false,false,2025-11-22,85p2wmow9njwbenbqru8hk4r8,5191cnvhmuct5kn7yvr0nvd9d,1430,1430,Guingamp,Amiens SC,AMI,2,1,Played,W 2-1,2568869,AMI vs EAG (2025-11-22)
261,69b9aoly33h1gpicvxtfteoug,148,Nancy,Nancy,NAC,Nancy,#ff0000,4w7x0s5gfs5abasphlha5de8k,Ligue 2 (France),1089,"120,507","33,397","59,611","18,265",7148.3,2124.2,3507,5058,1330,444,101,148,15,ASS vs NAC,false,true,false,false,true,2025-11-22,86tsf8gkw6kbdstsv9xud747o,2sc9xfhu6tbru9hhlhr4a89zn,152,152,Nancy,Saint-Étienne,ASS,1,2,Played,L 1-2,2568872,ASS vs NAC (2025-11-22)
261,5191cnvhmuct5kn7yvr0nvd9d,1430,Amiens SC,Amiens SC,AMI,Amiens,#D3D3D3,4w7x0s5gfs5abasphlha5de8k,Ligue 2 (France),1049,"116,554","32,317","60,171","17,281",6128.5,1469.7,3594,5068,1271,391,74,1430,15,AMI vs EAG,true,false,false,false,true,2025-11-22,85p2wmow9njwbenbqru8hk4r8,e9mmk1w7cem6r4wysgassacef,428,428,Amiens SC,Guingamp,EAG,1,2,Played,L 1-2,2568869,AMI vs EAG (2025-11-22)
261,7qdfg7vuzf70wurnpx0bawlqk,915,Red Star,Red Star,RED,Red Star,#008000,4w7x0s5gfs5abasphlha5de8k,Ligue 2 (France),1059,"113,466","33,379","56,049","16,168",6259.3,1856.3,3577,4946,1168,396,98,915,15,RED vs CLE,true,false,false,true,false,2025-11-22,84khzd2ogmgmf78o7btps287o,17o35s8assv3kamxowzz77k4r,1983,1983,Red Star,Clermont,CLE,2,2,Played,T 2-2,2568866,RED vs CLE (2025-11-22)
261,2sc9xfhu6tbru9hhlhr4a89zn,152,Saint-Étienne,Saint-Étienne,ASS,Saint-Étienne,#009933,4w7x0s5gfs5abasphlha5de8k,Ligue 2 (France),1089,"114,336","34,128","54,809","16,653",6745.0,2625.3,3437,4760,1208,413,120,152,15,ASS vs NAC,true,false,true,false,false,2025-11-22,86tsf8gkw6kbdstsv9xud747o,69b9aoly33h1gpicvxtfteoug,148,148,Saint-Étienne,Nancy,NAC,2,1,Played,W 2-1,2568872,ASS vs NAC (2025-11-22)
267,3c3jcs7vc1t6vz5lev162jyv7,1423,Reims,Reims,SR,Reims,#FF0000,4w7x0s5gfs5abasphlha5de8k,Ligue 2 (France),1073,"118,099","33,530","56,760","16,210",7331.8,3163.2,3672,5044,1178,444,142,1423,15,SR vs MON,true,false,true,false,false,2025-11-24,877emzp78cczj928mlcub3pck,2cjpmotqo8phcqfpgo9xf4gel,147,147,Reims,Montpellier,MON,2,0,Played,W 2-0,2568873,SR vs MON (2025-11-24)
267,2cjpmotqo8phcqfpgo9xf4gel,147,Montpellier,Montpellier,MON,Montpellier,#0000FF,4w7x0s5gfs5abasphlha5de8k,Ligue 2 (France),1073,"115,262","34,038","54,579","16,453",7254.7,2694.8,3665,4912,1203,436,123,147,15,SR vs MON,false,true,false,false,true,2025-11-24,877emzp78cczj928mlcub3pck,3c3jcs7vc1t6vz5lev162jyv7,1423,1423,Montpellier,Reims,SR,0,2,Played,L 0-2,2568873,SR vs MON (2025-11-24)
269,75gwk94q9jkoh78jk8nlay4xj,2298,Laval,Laval,LAV,Laval,#FFA500,4w7x0s5gfs5abasphlha5de8k,Ligue 2 (France),1057,"110,127","34,503","54,019","14,719",5371.7,1356.2,3537,4858,1098,335,71,2298,11,SCB vs LAV,false,true,true,false,false,2025-11-25,7sb5t5etknzcofnz83abqi9ec,6l07ga27xfsr7485fuc1ilkkc,139,139,Laval,Bastia,SCB,2,0,Played,W 2-0,2568834,SCB vs LAV (2025-11-25)
269,6l07ga27xfsr7485fuc1ilkkc,139,Bastia,Bastia,SCB,Bastia,#0000FF,4w7x0s5gfs5abasphlha5de8k,Ligue 2 (France),1057,"106,180","34,561","51,956","13,839",4736.5,1663.5,3397,4594,1007,299,82,139,11,SCB vs LAV,true,false,false,false,true,2025-11-25,7sb5t5etknzcofnz83abqi9ec,75gwk94q9jkoh78jk8nlay4xj,2298,2298,Bastia,Laval,LAV,0,2,Played,L 0-2,2568834,SCB vs LAV (2025-11-25)
271,9az8hqkkijc34ol021425ixg5,2129,Boulogne,Boulogne,BOU,Boulogne,#ff0000,4w7x0s5gfs5abasphlha5de8k,Ligue 2 (France),1054,"119,675","32,685","61,647","16,776",7360.4,2924.8,3642,5098,1216,454,142,2129,16,CLE vs BOU,false,true,false,true,false,2025-12-05,89j0se3mmnj9zoe21txwtkoic,17o35s8assv3kamxowzz77k4r,1983,1983,Boulogne,Clermont,CLE,1,1,Played,T 1-1,2568879,CLE vs BOU (2025-12-05)
271,17o35s8assv3kamxowzz77k4r,1983,Clermont,Clermont,CLE,Clermont,#FF0033,4w7x0s5gfs5abasphlha5de8k,Ligue 2 (France),1054,"112,553","34,808","53,882","15,538",6026.8,2622.4,3496,4776,1137,369,117,1983,16,CLE vs BOU,true,false,false,true,false,2025-12-05,89j0se3mmnj9zoe21txwtkoic,9az8hqkkijc34ol021425ixg5,2129,2129,Clermont,Boulogne,BOU,1,1,Played,T 1-1,2568879,CLE vs BOU (2025-12-05)
271,e9mmk1w7cem6r4wysgassacef,428,Guingamp,Guingamp,EAG,Guingamp,#CC0033,4w7x0s5gfs5abasphlha5de8k,Ligue 2 (France),1070,"121,096","33,463","61,086","18,540",6501.6,2253.8,3693,5171,1327,407,105,428,16,EAG vs ANN,true,false,false,false,true,2025-12-05,89wujazlhhmau0ztashuftkwk,6sqrk45zcfgwpq97no19o9sk5,11426,11426,Guingamp,Annecy,ANN,0,3,Played,L 0-3,2568880,EAG vs ANN (2025-12-05)
271,69b9aoly33h1gpicvxtfteoug,148,Nancy,Nancy,NAC,Nancy,#ff0000,4w7x0s5gfs5abasphlha5de8k,Ligue 2 (France),1025,"112,436","31,717","55,670","16,261",6737.6,2013.6,3306,4780,1187,417,92,148,16,GRE vs NAC,false,true,false,false,true,2025-12-05,8aak63cl24yl0fphnxt7ydtsk,2ku5qqmv6i842rujioksaatx7,1272,1272,Nancy,Grenoble,GRE,0,1,Played,L 0-1,2568881,GRE vs NAC (2025-12-05)
271,5191cnvhmuct5kn7yvr0nvd9d,1430,Amiens SC,Amiens SC,AMI,Amiens,#D3D3D3,4w7x0s5gfs5abasphlha5de8k,Ligue 2 (France),1062,"110,184","33,782","54,892","14,997",5423.3,1296.2,3484,4778,1113,330,69,1430,16,LEM vs AMI,false,true,false,false,true,2025-12-05,8aoiy5npyxtvfgguy3y9wcnis,bj8hrmj01r3zit0x8r6qm2eu2,920,920,Amiens SC,Le Mans,LEM,0,1,Played,L 0-1,2568882,LEM vs AMI (2025-12-05)
271,bj8hrmj01r3zit0x8r6qm2eu2,920,Le Mans,Le Mans,LEM,Le Mans,#FF3300,4w7x0s5gfs5abasphlha5de8k,Ligue 2 (France),1062,"112,390","34,378","53,297","16,978",6401.4,1830.7,3449,4737,1233,398,93,920,16,LEM vs AMI,true,false,true,false,false,2025-12-05,8aoiy5npyxtvfgguy3y9wcnis,5191cnvhmuct5kn7yvr0nvd9d,1430,1430,Le Mans,Amiens SC,AMI,1,0,Played,W 1-0,2568882,LEM vs AMI (2025-12-05)
271,7qdfg7vuzf70wurnpx0bawlqk,915,Red Star,Red Star,RED,Red Star,#008000,4w7x0s5gfs5abasphlha5de8k,Ligue 2 (France),612,0.0,0.0,0.0,0.0,0.0,0.0,0,0,0,0,0,915,16,SCB vs RED,false,true,false,false,false,2025-12-05,895hkq2tpt2aiqo29yhecrnys,6l07ga27xfsr7485fuc1ilkkc,139,139,Red Star,Bastia,SCB,0,0,Suspended,T -,2568878,SCB vs RED (2025-12-05)
271,6l07ga27xfsr7485fuc1ilkkc,139,Bastia,Bastia,SCB,Bastia,#0000FF,4w7x0s5gfs5abasphlha5de8k,Ligue 2 (France),612,0.0,0.0,0.0,0.0,0.0,0.0,0,0,0,0,0,139,16,SCB vs RED,true,false,false,false,false,2025-12-05,895hkq2tpt2aiqo29yhecrnys,7qdfg7vuzf70wurnpx0bawlqk,915,915,Bastia,Red Star,RED,0,0,Suspended,T -,2568878,SCB vs RED (2025-12-05)
271,2ku5qqmv6i842rujioksaatx7,1272,Grenoble,Grenoble,GRE,Grenoble,#014898,4w7x0s5gfs5abasphlha5de8k,Ligue 2 (France),1073,"114,212","34,341","55,859","15,756",5983.9,1901.3,3499,4775,1162,372,88,1272,16,GRE vs NAC,true,false,true,false,false,2025-12-05,8aak63cl24yl0fphnxt7ydtsk,69b9aoly33h1gpicvxtfteoug,148,148,Grenoble,Nancy,NAC,1,0,Played,W 1-0,2568881,GRE vs NAC (2025-12-05)
281,2cjpmotqo8phcqfpgo9xf4gel,147,Montpellier,Montpellier,MON,Montpellier,#0000FF,4w7x0s5gfs5abasphlha5de8k,Ligue 2 (France),1059,"109,239","35,393","49,916","15,244",6234.3,2101.5,3206,4306,1088,383,102,147,16,MON vs PAU,true,false,false,false,true,2025-12-06,88eazw7uxw2ueajaehb0sv7ys,25s5qx846iw05y8t9pinrbhh1,5420,5420,Montpellier,Pau,PAU,0,1,Played,L 0-1,2568876,MON vs PAU (2025-12-06)
281,2u30h0xpbfzv0byj4j7d8c4ug,3308,Rodez,Rodez,RAF,Rodez,#FF0000,4w7x0s5gfs5abasphlha5de8k,Ligue 2 (France),1051,0.0,0.0,0.0,0.0,0.0,0.0,0,0,0,0,0,3308,16,TRO vs RAF,false,true,false,true,false,2025-12-06,88rwb3msn62p13q3z7kqv3ok4,3unkqo2g6ag99gd5ynz1j7vse,154,154,Rodez,Troyes,TRO,1,1,Played,T 1-1,2568877,TRO vs RAF (2025-12-06)
281,25s5qx846iw05y8t9pinrbhh1,5420,Pau,Pau,PAU,Pau,#FFFF00,4w7x0s5gfs5abasphlha5de8k,Ligue 2 (France),1059,"108,576","35,018","50,721","15,007",5952.4,1936.6,3273,4363,1084,357,96,5420,16,MON vs PAU,false,true,true,false,false,2025-12-06,88eazw7uxw2ueajaehb0sv7ys,2cjpmotqo8phcqfpgo9xf4gel,147,147,Pau,Montpellier,MON,1,0,Played,W 1-0,2568876,MON vs PAU (2025-12-06)
281,2sc9xfhu6tbru9hhlhr4a89zn,152,Saint-Étienne,Saint-Étienne,ASS,Saint-Étienne,#009933,4w7x0s5gfs5abasphlha5de8k,Ligue 2 (France),1084,"116,575","34,787","56,557","16,838",7101.0,2386.5,3562,4897,1219,440,113,152,16,DUN vs ASS,false,true,false,false,true,2025-12-06,87l5o47g2f68xa3tlkz3v31n8,15ip1h6m0b4e8xfi597y5uo5u,3288,3288,Saint-Étienne,Dunkerque,DUN,0,1,Played,L 0-1,2568874,DUN vs ASS (2025-12-06)
281,3unkqo2g6ag99gd5ynz1j7vse,154,Troyes,Troyes,TRO,Troyes,#0000CC,4w7x0s5gfs5abasphlha5de8k,Ligue 2 (France),1051,0.0,0.0,0.0,0.0,0.0,0.0,0,0,0,0,0,154,16,TRO vs RAF,true,false,false,true,false,2025-12-06,88rwb3msn62p13q3z7kqv3ok4,2u30h0xpbfzv0byj4j7d8c4ug,3308,3308,Troyes,Rodez,RAF,1,1,Played,T 1-1,2568877,TRO vs RAF (2025-12-06)
287,75gwk94q9jkoh78jk8nlay4xj,2298,Laval,Laval,LAV,Laval,#FFA500,4w7x0s5gfs5abasphlha5de8k,Ligue 2 (France),1028,0.0,0.0,0.0,0.0,0.0,0.0,0,0,0,0,0,2298,16,SR vs LAV,false,true,false,false,true,2025-12-08,87ywqj0j72ubl6dtqspe0wnbo,3c3jcs7vc1t6vz5lev162jyv7,1423,1423,Laval,Reims,SR,0,4,Played,L 0-4,2568875,SR vs LAV (2025-12-08)
287,3c3jcs7vc1t6vz5lev162jyv7,1423,Reims,Reims,SR,Reims,#FF0000,4w7x0s5gfs5abasphlha5de8k,Ligue 2 (France),1028,0.0,0.0,0.0,0.0,0.0,0.0,0,0,0,0,0,1423,16,SR vs LAV,true,false,true,false,false,2025-12-08,87ywqj0j72ubl6dtqspe0wnbo,75gwk94q9jkoh78jk8nlay4xj,2298,2298,Reims,Laval,LAV,4,0,Played,W 4-0,2568875,SR vs LAV (2025-12-08)
