Rank,teamId,teamImageId,teamFullName,team,teamAbbrevName,teamShortName,newestTeamColor,leagueId,leagueName,MinIncET,DistanceRun,WalkDist,JogDist,RunDist,HiSpeedRunDist,SprintDist,WalkCount,JogCount,RunCount,HiSpeedRunCount,SprintCount,optaTeamId,week,game,home,away,win,draw,loss,date,gameId,opponentId,opponentTeamImageId,oppOptaTeamId,teamFullName,opponentFullName,opponent,score,finalScoreOpponent,gameStatus,result,scatterId,scatterExtra
TOTAL,,,,-,,,,,,251102,24274919,7252091,11940630,3348365,1284274,411532,759701,1034273,243886,80485,20937,,,,,,,,,,,,,,,,,,,,-,,
AVERAGE,,,,-,,,,,,1064.0,24274919,7252091,11940630,3348365,1284274,411532,759701,1034273,243886,80485,20937,,,,,,,,,,,,,,,,,,,,-,,

Rank,teamId,teamImageId,teamFullName,Team,teamAbbrevName,teamShortName,newestTeamColor,leagueId,leagueName,MinIncET,DistanceRun,WalkDist,JogDist,RunDist,HiSpeedRunDist,SprintDist,WalkCount,JogCount,RunCount,HiSpeedRunCount,SprintCount,optaTeamId,Week,game,Home,Away,Win,Draw,Loss,Date,gameId,opponentId,opponentTeamImageId,oppOptaTeamId,teamFullName,opponentFullName,opponent,score,finalScoreOpponent,gameStatus,Result,scatterId,scatterExtra
1,67igj3fctu1kt6ntkrwpdt72i,921,Châteauroux,Châteauroux,CHA,Châteauroux,#0000FF,1qd0wvt30rlswa4g6nu4na660,National 1 (France),1076,"112,081","34,045","53,507","15,692",6199.2,1921.8,3287,4422,1121,387,103,921,1,CHA vs VFC,true,false,false,true,false,2025-08-08,9kjs0g4b4ujxe2l0wbzasjevo,g8cvbv4wrvq7uf4347yjkd35,1996,1996,Châteauroux,Valenciennes,VFC,0,0,Played,T 0-0,2585252,CHA vs VFC (2025-08-08)
1,f0ticxo5bjjif0gb54ewfdppm,21581,Paris 13 Atletico,Paris 13 Atletico,P13,Paris 13,,1qd0wvt30rlswa4g6nu4na660,National 1 (France),1097,"112,059","34,583","54,577","15,511",5957.1,1846.6,3425,4682,1144,372,98,21581,1,P13 vs QRM,true,false,true,false,false,2025-08-08,9mq6uzg207budbj97hs6mfl04,8ng94h4147jxd5oxgoaa95yl4,2541,2541,Paris 13 Atletico,Quevilly-Rouen Métropole,QRM,1,0,Played,W 1-0,2585257,P13 vs QRM (2025-08-08)
1,7gytr31zcn0gcewa7pu1ed5hz,9600,Aubagne,Aubagne,AUB,Aubagne,,1qd0wvt30rlswa4g6nu4na660,National 1 (France),1057,"113,056","32,221","55,602","16,749",6180.4,1600.8,3338,4718,1228,399,90,9600,1,CAE vs AUB,false,true,false,false,true,2025-08-08,9n55926todt99jo6fw6ckxwd0,ab80vest6tgco121qtfyphq7c,1028,1028,Aubagne,Caen,CAE,0,3,Played,L 0-3,2585258,CAE vs AUB (2025-08-08)
1,79dc2mv3x269nhix3mkhc5wfu,2130,Dijon,Dijon,DIJ,Dijon,#FFA500,1qd0wvt30rlswa4g6nu4na660,National 1 (France),1054,"113,451","34,696","56,428","15,719",5873.8,1829.8,3642,4905,1125,379,89,2130,1,ORL vs DIJ,false,true,true,false,false,2025-08-08,9mbbx6uepbmlo5vas50d63ehg,d79cmam5svw9j2mplbu9kut7p,6785,6785,Dijon,Orléans,ORL,2,1,Played,W 2-1,2585256,ORL vs DIJ (2025-08-08)
1,d79cmam5svw9j2mplbu9kut7p,6785,Orléans,Orléans,ORL,Orléans,#FFFF00,1qd0wvt30rlswa4g6nu4na660,National 1 (France),1054,"110,804","34,914","54,646","13,965",5063.3,1618.9,3691,4891,1032,335,84,6785,1,ORL vs DIJ,true,false,false,false,true,2025-08-08,9mbbx6uepbmlo5vas50d63ehg,79dc2mv3x269nhix3mkhc5wfu,2130,2130,Orléans,Dijon,DIJ,1,2,Played,L 1-2,2585256,ORL vs DIJ (2025-08-08)
1,d9kwaceoj54pfprd6oc2hwae6,693,Sochaux,Sochaux,SOC,Sochaux,#FFFF00,1qd0wvt30rlswa4g6nu4na660,National 1 (France),1083,"109,136","36,004","51,375","13,583",5924.7,2374.5,3588,4629,1002,367,118,693,1,PUY vs SOC,false,true,true,false,false,2025-08-08,9lwd2ch8zx6y2ndb04n937zf8,9ri5xhi5qaozcqb7svbvcc4eu,14035,14035,Sochaux,Le Puy Foot,PUY,1,0,Played,W 1-0,2585255,PUY vs SOC (2025-08-08)
1,9ri5xhi5qaozcqb7svbvcc4eu,14035,Le Puy Foot,Le Puy Foot,PUY,Le Puy,,1qd0wvt30rlswa4g6nu4na660,National 1 (France),1083,"111,485","35,266","55,433","14,370",5699.0,2321.6,3629,4808,1034,361,119,14035,1,PUY vs SOC,true,false,false,false,true,2025-08-08,9lwd2ch8zx6y2ndb04n937zf8,d9kwaceoj54pfprd6oc2hwae6,693,693,Le Puy Foot,Sochaux,SOC,0,1,Played,L 0-1,2585255,PUY vs SOC (2025-08-08)
1,rv0okxl2zv1ow3me605xl8b5,3271,Stade Briochin,Stade Briochin,SBR,Stade Briochin,,1qd0wvt30rlswa4g6nu4na660,National 1 (France),972,"100,067","31,682","48,676","13,441",4876.1,1465.2,3120,4202,999,311,87,3271,1,SBR vs VRS,true,false,false,false,true,2025-08-08,9nll2gzzo1za22ry9tffi6jh0,dse1eu8y1o3t00rlbxpgo084c,5427,5427,Stade Briochin,Versailles,VRS,0,1,Played,L 0-1,2585259,SBR vs VRS (2025-08-08)
1,g8cvbv4wrvq7uf4347yjkd35,1996,Valenciennes,Valenciennes,VFC,Valenciennes,#FF0000,1qd0wvt30rlswa4g6nu4na660,National 1 (France),1076,"111,015","34,266","52,258","16,038",5939.9,1914.9,3238,4440,1151,379,92,1996,1,CHA vs VFC,false,true,false,true,false,2025-08-08,9kjs0g4b4ujxe2l0wbzasjevo,67igj3fctu1kt6ntkrwpdt72i,921,921,Valenciennes,Châteauroux,CHA,0,0,Played,T 0-0,2585252,CHA vs VFC (2025-08-08)
1,b97a5km6rb42fv858volubsi6,2340,Rouen,Rouen,ROU,Rouen,,1qd0wvt30rlswa4g6nu4na660,National 1 (France),1048,"111,190","34,242","54,207","15,530",5698.9,1783.1,3470,4784,1128,366,88,2340,1,ROU vs FLE,true,false,false,true,false,2025-08-08,9lgxeut6ya6yogc3ko30bt15g,1z48unyzdkaoulghr9kkgt1g0,12199,12199,Rouen,Fleury,FLE,0,0,Played,T 0-0,2585254,ROU vs FLE (2025-08-08)
1,ab80vest6tgco121qtfyphq7c,1028,Caen,Caen,CAE,Caen,#000099,1qd0wvt30rlswa4g6nu4na660,National 1 (France),1049,"111,925","32,468","55,111","15,993",5977.7,1757.2,3226,4625,1156,379,95,1028,1,CAE vs AUB,true,false,true,false,false,2025-08-08,9n55926todt99jo6fw6ckxwd0,7gytr31zcn0gcewa7pu1ed5hz,9600,9600,Caen,Aubagne,AUB,3,0,Played,W 3-0,2585258,CAE vs AUB (2025-08-08)
1,8ng94h4147jxd5oxgoaa95yl4,2541,Quevilly-Rouen Métropole,Quevilly-Rouen Métropole,QRM,QRM,#FFFF00,1qd0wvt30rlswa4g6nu4na660,National 1 (France),1097,"110,116","35,410","51,808","15,080",5702.0,1625.4,3471,4630,1126,362,89,2541,1,P13 vs QRM,false,true,false,false,true,2025-08-08,9mq6uzg207budbj97hs6mfl04,f0ticxo5bjjif0gb54ewfdppm,21581,21581,Quevilly-Rouen Métropole,Paris 13 Atletico,P13,0,1,Played,L 0-1,2585257,P13 vs QRM (2025-08-08)
1,1z48unyzdkaoulghr9kkgt1g0,12199,Fleury,Fleury,FLE,Fleury,,1qd0wvt30rlswa4g6nu4na660,National 1 (France),1052,"111,682","34,021","56,832","14,969",5085.3,1155.2,3535,4846,1122,339,68,12199,1,ROU vs FLE,false,true,false,true,false,2025-08-08,9lgxeut6ya6yogc3ko30bt15g,b97a5km6rb42fv858volubsi6,2340,2340,Fleury,Rouen,ROU,0,0,Played,T 0-0,2585254,ROU vs FLE (2025-08-08)
1,dse1eu8y1o3t00rlbxpgo084c,5427,Versailles,Versailles,VRS,Versailles,,1qd0wvt30rlswa4g6nu4na660,National 1 (France),1055,"109,246","34,425","53,487","13,988",5268.4,1444.8,3362,4476,1015,339,79,5427,1,SBR vs VRS,false,true,true,false,false,2025-08-08,9nll2gzzo1za22ry9tffi6jh0,rv0okxl2zv1ow3me605xl8b5,3271,3271,Versailles,Stade Briochin,SBR,1,0,Played,W 1-0,2585259,SBR vs VRS (2025-08-08)
15,67igj3fctu1kt6ntkrwpdt72i,921,Châteauroux,Châteauroux,CHA,Châteauroux,#0000FF,1qd0wvt30rlswa4g6nu4na660,National 1 (France),1089,"112,719","34,588","54,708","14,650",5826.1,1881.1,3483,4656,1056,368,101,921,2,CHA vs BBP,true,false,false,true,false,2025-08-15,9pcxn64arae6ilzn65cvcvf2s,bizl0ptma24fjoafuqclu8k5b,3312,3312,Châteauroux,Bourg-Péronnas,BBP,2,2,Played,T 2-2,2585264,CHA vs BBP (2025-08-15)
15,f0ticxo5bjjif0gb54ewfdppm,21581,Paris 13 Atletico,Paris 13 Atletico,P13,Paris 13,,1qd0wvt30rlswa4g6nu4na660,National 1 (France),1120,"113,572","35,327","52,432","15,993",7091.6,3265.6,3395,4621,1157,417,167,21581,2,VRS vs P13,false,true,false,false,true,2025-08-15,9r1h3gsbf1u3gozvtyr592f4k,dse1eu8y1o3t00rlbxpgo084c,5427,5427,Paris 13 Atletico,Versailles,VRS,1,2,Played,L 1-2,2585269,VRS vs P13 (2025-08-15)
15,7gytr31zcn0gcewa7pu1ed5hz,9600,Aubagne,Aubagne,AUB,Aubagne,,1qd0wvt30rlswa4g6nu4na660,National 1 (France),1070,"105,297","34,648","50,179","13,241",5731.0,2396.2,3312,4425,967,361,118,9600,2,AUB vs VIL,true,false,true,false,false,2025-08-15,9ocrnlbc92igj7dq37siqr8k4,36bxy6avfw3xp8ocj9frad4b7,3315,3315,Aubagne,Villefranche,VIL,3,1,Played,W 3-1,2585261,AUB vs VIL (2025-08-15)
15,79dc2mv3x269nhix3mkhc5wfu,2130,Dijon,Dijon,DIJ,Dijon,#FFA500,1qd0wvt30rlswa4g6nu4na660,National 1 (France),1101,"112,323","35,545","54,228","15,694",5158.0,1567.0,3374,4645,1134,332,75,2130,2,DIJ vs ROU,true,false,false,true,false,2025-08-15,9p0x9drzv06l9ih49vc3o4kr8,b97a5km6rb42fv858volubsi6,2340,2340,Dijon,Rouen,ROU,1,1,Played,T 1-1,2585263,DIJ vs ROU (2025-08-15)
15,d79cmam5svw9j2mplbu9kut7p,6785,Orléans,Orléans,ORL,Orléans,#FFFF00,1qd0wvt30rlswa4g6nu4na660,National 1 (France),1086,"110,298","32,565","50,118","14,939",6164.6,2039.6,2971,4079,1069,387,106,6785,2,SOC vs ORL,false,true,false,false,true,2025-08-15,9q105dwj8q5uc8wm2apel25n8,d9kwaceoj54pfprd6oc2hwae6,693,693,Orléans,Sochaux,SOC,0,5,Played,L 0-5,2585266,SOC vs ORL (2025-08-15)
15,d9kwaceoj54pfprd6oc2hwae6,693,Sochaux,Sochaux,SOC,Sochaux,#FFFF00,1qd0wvt30rlswa4g6nu4na660,National 1 (France),1086,"110,136","33,205","49,494","15,424",5600.6,2250.5,3171,4262,1121,348,103,693,2,SOC vs ORL,true,false,true,false,false,2025-08-15,9q105dwj8q5uc8wm2apel25n8,d79cmam5svw9j2mplbu9kut7p,6785,6785,Sochaux,Orléans,ORL,5,0,Played,W 5-0,2585266,SOC vs ORL (2025-08-15)
15,9ri5xhi5qaozcqb7svbvcc4eu,14035,Le Puy Foot,Le Puy Foot,PUY,Le Puy,,1qd0wvt30rlswa4g6nu4na660,National 1 (France),1071,"123,066","32,770","61,775","20,144",7862.8,2211.8,3591,5150,1423,490,119,14035,2,VFC vs PUY,false,true,false,false,true,2025-08-15,9qp91bvum338a7urggmn86iac,g8cvbv4wrvq7uf4347yjkd35,1996,1996,Le Puy Foot,Valenciennes,VFC,1,2,Played,L 1-2,2585268,VFC vs PUY (2025-08-15)
15,36bxy6avfw3xp8ocj9frad4b7,3315,Villefranche,Villefranche,VIL,Villefranche,,1qd0wvt30rlswa4g6nu4na660,National 1 (France),1049,"105,282","34,001","49,237","13,714",5874.3,2064.0,3257,4412,1005,371,101,3315,2,AUB vs VIL,false,true,false,false,true,2025-08-15,9ocrnlbc92igj7dq37siqr8k4,7gytr31zcn0gcewa7pu1ed5hz,9600,9600,Villefranche,Aubagne,AUB,1,3,Played,L 1-3,2585261,AUB vs VIL (2025-08-15)
15,rv0okxl2zv1ow3me605xl8b5,3271,Stade Briochin,Stade Briochin,SBR,Stade Briochin,,1qd0wvt30rlswa4g6nu4na660,National 1 (France),1068,"111,099","34,352","53,541","15,363",6130.7,2302.5,3402,4752,1099,384,124,3271,2,FLE vs SBR,false,true,false,false,true,2025-08-15,9pozttd1bxhclbfzsd07cpz4k,1z48unyzdkaoulghr9kkgt1g0,12199,12199,Stade Briochin,Fleury,FLE,1,4,Played,L 1-4,2585265,FLE vs SBR (2025-08-15)
15,g8cvbv4wrvq7uf4347yjkd35,1996,Valenciennes,Valenciennes,VFC,Valenciennes,#FF0000,1qd0wvt30rlswa4g6nu4na660,National 1 (France),1071,"121,313","33,301","60,130","18,417",6796.9,2218.9,3634,5113,1340,433,104,1996,2,VFC vs PUY,true,false,true,false,false,2025-08-15,9qp91bvum338a7urggmn86iac,9ri5xhi5qaozcqb7svbvcc4eu,14035,14035,Valenciennes,Le Puy Foot,PUY,2,1,Played,W 2-1,2585268,VFC vs PUY (2025-08-15)
15,b97a5km6rb42fv858volubsi6,2340,Rouen,Rouen,ROU,Rouen,,1qd0wvt30rlswa4g6nu4na660,National 1 (France),1101,"109,620","35,737","54,367","13,846",5043.9,1540.4,3432,4616,999,313,74,2340,2,DIJ vs ROU,false,true,false,true,false,2025-08-15,9p0x9drzv06l9ih49vc3o4kr8,79dc2mv3x269nhix3mkhc5wfu,2130,2130,Rouen,Dijon,DIJ,1,1,Played,T 1-1,2585263,DIJ vs ROU (2025-08-15)
15,ab80vest6tgco121qtfyphq7c,1028,Caen,Caen,CAE,Caen,#000099,1qd0wvt30rlswa4g6nu4na660,National 1 (France),1056,"104,352","34,173","50,211","13,603",4671.6,1287.3,3462,4557,1006,296,64,1028,2,QRM vs CAE,false,true,false,true,false,2025-08-15,9qd2v6r83y7wmkfyjoj599fys,8ng94h4147jxd5oxgoaa95yl4,2541,2541,Caen,Quevilly-Rouen Métropole,QRM,1,1,Played,T 1-1,2585267,QRM vs CAE (2025-08-15)
15,8ng94h4147jxd5oxgoaa95yl4,2541,Quevilly-Rouen Métropole,Quevilly-Rouen Métropole,QRM,QRM,#FFFF00,1qd0wvt30rlswa4g6nu4na660,National 1 (France),1056,"106,281","33,919","51,598","14,377",5086.7,1312.8,3492,4642,1049,322,74,2541,2,QRM vs CAE,true,false,false,true,false,2025-08-15,9qd2v6r83y7wmkfyjoj599fys,ab80vest6tgco121qtfyphq7c,1028,1028,Quevilly-Rouen Métropole,Caen,CAE,1,1,Played,T 1-1,2585267,QRM vs CAE (2025-08-15)
15,1z48unyzdkaoulghr9kkgt1g0,12199,Fleury,Fleury,FLE,Fleury,,1qd0wvt30rlswa4g6nu4na660,National 1 (France),1068,"111,367","34,801","55,320","14,773",6031.0,2281.1,3492,4736,1075,389,116,12199,2,FLE vs SBR,true,false,true,false,false,2025-08-15,9pozttd1bxhclbfzsd07cpz4k,rv0okxl2zv1ow3me605xl8b5,3271,3271,Fleury,Stade Briochin,SBR,4,1,Played,W 4-1,2585265,FLE vs SBR (2025-08-15)
15,bizl0ptma24fjoafuqclu8k5b,3312,Bourg-Péronnas,Bourg-Péronnas,BBP,Bourg-Péronnas,#0000ff,1qd0wvt30rlswa4g6nu4na660,National 1 (France),1089,"112,021","34,415","54,298","15,256",5890.1,1592.3,3534,4729,1128,368,91,3312,2,CHA vs BBP,false,true,false,true,false,2025-08-15,9pcxn64arae6ilzn65cvcvf2s,67igj3fctu1kt6ntkrwpdt72i,921,921,Bourg-Péronnas,Châteauroux,CHA,2,2,Played,T 2-2,2585264,CHA vs BBP (2025-08-15)
15,dse1eu8y1o3t00rlbxpgo084c,5427,Versailles,Versailles,VRS,Versailles,,1qd0wvt30rlswa4g6nu4na660,National 1 (France),1120,"113,557","34,667","53,429","15,939",7319.2,3113.6,3503,4751,1135,444,160,5427,2,VRS vs P13,true,false,true,false,false,2025-08-15,9r1h3gsbf1u3gozvtyr592f4k,f0ticxo5bjjif0gb54ewfdppm,21581,21581,Versailles,Paris 13 Atletico,P13,2,1,Played,W 2-1,2585269,VRS vs P13 (2025-08-15)
31,67igj3fctu1kt6ntkrwpdt72i,921,Châteauroux,Châteauroux,CHA,Châteauroux,#0000FF,1qd0wvt30rlswa4g6nu4na660,National 1 (France),1046,"103,328","30,891","50,695","13,504",4702.3,1258.3,3188,4301,981,301,68,921,3,PUY vs CHA,false,true,false,true,false,2025-08-22,9sgc6840y309m5jfkk8mmk5ck,9ri5xhi5qaozcqb7svbvcc4eu,14035,14035,Châteauroux,Le Puy Foot,PUY,2,2,Played,T 2-2,2585273,PUY vs CHA (2025-08-22)
31,f0ticxo5bjjif0gb54ewfdppm,21581,Paris 13 Atletico,Paris 13 Atletico,P13,Paris 13,,1qd0wvt30rlswa4g6nu4na660,National 1 (France),1077,"108,415","35,280","50,377","13,855",5382.7,1904.2,3376,4462,1014,344,101,21581,3,P13 vs FLE,true,false,true,false,false,2025-08-22,9t4upbclnlkqqhdukp1xrljpw,1z48unyzdkaoulghr9kkgt1g0,12199,12199,Paris 13 Atletico,Fleury,FLE,1,0,Played,W 1-0,2585275,P13 vs FLE (2025-08-22)
31,79dc2mv3x269nhix3mkhc5wfu,2130,Dijon,Dijon,DIJ,Dijon,#FFA500,1qd0wvt30rlswa4g6nu4na660,National 1 (France),984,"110,782","31,426","56,711","15,162",5690.1,1802.2,3612,4918,1103,367,92,2130,3,SBR vs DIJ,false,true,false,true,false,2025-08-22,9ttfqvvuypw0d4nw02mclmhas,rv0okxl2zv1ow3me605xl8b5,3271,3271,Dijon,Stade Briochin,SBR,0,0,Played,T 0-0,2585277,SBR vs DIJ (2025-08-22)
31,d79cmam5svw9j2mplbu9kut7p,6785,Orléans,Orléans,ORL,Orléans,#FFFF00,1qd0wvt30rlswa4g6nu4na660,National 1 (France),1054,"121,403","31,984","61,734","17,866",6237.2,1889.9,3673,5079,1276,399,96,6785,3,ORL vs VFC,true,false,true,false,false,2025-08-22,9ssmf7ogysd86i5ccrj0ddkic,g8cvbv4wrvq7uf4347yjkd35,1996,1996,Orléans,Valenciennes,VFC,2,1,Played,W 2-1,2585274,ORL vs VFC (2025-08-22)
31,9ri5xhi5qaozcqb7svbvcc4eu,14035,Le Puy Foot,Le Puy Foot,PUY,Le Puy,,1qd0wvt30rlswa4g6nu4na660,National 1 (France),1129,"111,410","34,502","52,883","14,191",5578.1,1617.6,3421,4619,1022,342,84,14035,3,PUY vs CHA,true,false,false,true,false,2025-08-22,9sgc6840y309m5jfkk8mmk5ck,67igj3fctu1kt6ntkrwpdt72i,921,921,Le Puy Foot,Châteauroux,CHA,2,2,Played,T 2-2,2585273,PUY vs CHA (2025-08-22)
31,36bxy6avfw3xp8ocj9frad4b7,3315,Villefranche,Villefranche,VIL,Villefranche,,1qd0wvt30rlswa4g6nu4na660,National 1 (France),1076,"76,757","24,529","32,019","11,091",4939.7,1820.0,3090,3429,663,292,82,3315,3,VIL vs QRM,true,false,true,false,false,2025-08-22,9u5gfvx6dl0oiubtkfogpludw,8ng94h4147jxd5oxgoaa95yl4,2541,2541,Villefranche,Quevilly-Rouen Métropole,QRM,2,1,Played,W 2-1,2585278,VIL vs QRM (2025-08-22)
31,rv0okxl2zv1ow3me605xl8b5,3271,Stade Briochin,Stade Briochin,SBR,Stade Briochin,,1qd0wvt30rlswa4g6nu4na660,National 1 (France),1023,"113,963","32,878","59,285","14,385",5578.8,1631.4,3798,5024,1074,358,90,3271,3,SBR vs DIJ,true,false,false,true,false,2025-08-22,9ttfqvvuypw0d4nw02mclmhas,79dc2mv3x269nhix3mkhc5wfu,2130,2130,Stade Briochin,Dijon,DIJ,0,0,Played,T 0-0,2585277,SBR vs DIJ (2025-08-22)
31,g8cvbv4wrvq7uf4347yjkd35,1996,Valenciennes,Valenciennes,VFC,Valenciennes,#FF0000,1qd0wvt30rlswa4g6nu4na660,National 1 (France),1054,"123,380","32,688","61,175","18,560",6920.9,1934.5,3727,5211,1346,434,103,1996,3,ORL vs VFC,false,true,false,false,true,2025-08-22,9ssmf7ogysd86i5ccrj0ddkic,d79cmam5svw9j2mplbu9kut7p,6785,6785,Valenciennes,Orléans,ORL,1,2,Played,L 1-2,2585274,ORL vs VFC (2025-08-22)
31,33u2ehjypfcu7w3s0pul7tmm7,3272,Concarneau,Concarneau,CON,Concarneau,,1qd0wvt30rlswa4g6nu4na660,National 1 (France),1044,"107,772","34,935","54,378","13,181",4798.2,1449.0,3713,4798,1001,303,79,3272,3,BBP vs CON,false,true,true,false,false,2025-08-22,9rq27gswo9dz81rzpqzelgqac,bizl0ptma24fjoafuqclu8k5b,3312,3312,Concarneau,Bourg-Péronnas,BBP,2,0,Played,W 2-0,2585271,BBP vs CON (2025-08-22)
31,ab80vest6tgco121qtfyphq7c,1028,Caen,Caen,CAE,Caen,#000099,1qd0wvt30rlswa4g6nu4na660,National 1 (France),1070,"114,388","34,245","56,650","16,213",5550.7,1562.0,3463,4761,1183,349,75,1028,3,CAE vs VRS,true,false,false,false,true,2025-08-22,9thga3sp9bwtgvsjror4ar0no,dse1eu8y1o3t00rlbxpgo084c,5427,5427,Caen,Versailles,VRS,0,2,Played,L 0-2,2585276,CAE vs VRS (2025-08-22)
31,8ng94h4147jxd5oxgoaa95yl4,2541,Quevilly-Rouen Métropole,Quevilly-Rouen Métropole,QRM,QRM,#FFFF00,1qd0wvt30rlswa4g6nu4na660,National 1 (France),1032,"77,141","25,156","33,036","11,543",4972.8,2027.9,3156,3771,801,295,88,2541,3,VIL vs QRM,false,true,false,false,true,2025-08-22,9u5gfvx6dl0oiubtkfogpludw,36bxy6avfw3xp8ocj9frad4b7,3315,3315,Quevilly-Rouen Métropole,Villefranche,VIL,1,2,Played,L 1-2,2585278,VIL vs QRM (2025-08-22)
31,1z48unyzdkaoulghr9kkgt1g0,12199,Fleury,Fleury,FLE,Fleury,,1qd0wvt30rlswa4g6nu4na660,National 1 (France),1043,"109,397","32,535","52,526","14,993",6154.0,1735.1,3331,4595,1127,383,92,12199,3,P13 vs FLE,false,true,false,false,true,2025-08-22,9t4upbclnlkqqhdukp1xrljpw,f0ticxo5bjjif0gb54ewfdppm,21581,21581,Fleury,Paris 13 Atletico,P13,0,1,Played,L 0-1,2585275,P13 vs FLE (2025-08-22)
31,bizl0ptma24fjoafuqclu8k5b,3312,Bourg-Péronnas,Bourg-Péronnas,BBP,Bourg-Péronnas,#0000ff,1qd0wvt30rlswa4g6nu4na660,National 1 (France),1044,"108,803","34,476","54,555","13,727",5325.6,1564.2,3683,4728,1023,332,82,3312,3,BBP vs CON,true,false,false,false,true,2025-08-22,9rq27gswo9dz81rzpqzelgqac,33u2ehjypfcu7w3s0pul7tmm7,3272,3272,Bourg-Péronnas,Concarneau,CON,0,2,Played,L 0-2,2585271,BBP vs CON (2025-08-22)
31,dse1eu8y1o3t00rlbxpgo084c,5427,Versailles,Versailles,VRS,Versailles,,1qd0wvt30rlswa4g6nu4na660,National 1 (France),1070,"116,562","33,519","59,700","16,239",5638.4,1526.5,3615,4997,1202,357,84,5427,3,CAE vs VRS,false,true,true,false,false,2025-08-22,9thga3sp9bwtgvsjror4ar0no,ab80vest6tgco121qtfyphq7c,1028,1028,Versailles,Caen,CAE,2,0,Played,W 2-0,2585276,CAE vs VRS (2025-08-22)
45,67igj3fctu1kt6ntkrwpdt72i,921,Châteauroux,Châteauroux,CHA,Châteauroux,#0000FF,1qd0wvt30rlswa4g6nu4na660,National 1 (France),1084,"120,084","32,547","60,970","18,121",6953.9,2005.5,3501,4970,1315,440,106,921,4,CHA vs ORL,true,false,false,false,true,2025-08-29,9v5dk0jktb6m3qmeh08nysb9w,d79cmam5svw9j2mplbu9kut7p,6785,6785,Châteauroux,Orléans,ORL,0,1,Played,L 0-1,2585281,CHA vs ORL (2025-08-29)
45,f0ticxo5bjjif0gb54ewfdppm,21581,Paris 13 Atletico,Paris 13 Atletico,P13,Paris 13,,1qd0wvt30rlswa4g6nu4na660,National 1 (France),1086,"113,091","33,021","56,228","15,576",5466.9,1327.0,3518,4771,1148,342,75,21581,4,DIJ vs P13,false,true,false,false,true,2025-08-29,9utd0k09v5vopg38ghzgztlp0,79dc2mv3x269nhix3mkhc5wfu,2130,2130,Paris 13 Atletico,Dijon,DIJ,2,4,Played,L 2-4,2585280,DIJ vs P13 (2025-08-29)
45,7gytr31zcn0gcewa7pu1ed5hz,9600,Aubagne,Aubagne,AUB,Aubagne,,1qd0wvt30rlswa4g6nu4na660,National 1 (France),1031,"116,390","34,495","56,781","15,815",7111.0,3139.6,3562,4940,1177,422,156,9600,4,AUB vs CON,true,false,false,true,false,2025-08-29,9uhhj2z78idyu3vzbyhhq9ses,33u2ehjypfcu7w3s0pul7tmm7,3272,3272,Aubagne,Concarneau,CON,1,1,Played,T 1-1,2585279,AUB vs CON (2025-08-29)
45,79dc2mv3x269nhix3mkhc5wfu,2130,Dijon,Dijon,DIJ,Dijon,#FFA500,1qd0wvt30rlswa4g6nu4na660,National 1 (France),1086,"113,495","33,507","55,939","16,653",5757.4,1579.6,3449,4754,1194,363,87,2130,4,DIJ vs P13,true,false,true,false,false,2025-08-29,9utd0k09v5vopg38ghzgztlp0,f0ticxo5bjjif0gb54ewfdppm,21581,21581,Dijon,Paris 13 Atletico,P13,4,2,Played,W 4-2,2585280,DIJ vs P13 (2025-08-29)
45,d79cmam5svw9j2mplbu9kut7p,6785,Orléans,Orléans,ORL,Orléans,#FFFF00,1qd0wvt30rlswa4g6nu4na660,National 1 (France),1084,"119,564","32,395","59,184","18,253",6896.0,1928.0,3415,4920,1321,441,107,6785,4,CHA vs ORL,false,true,true,false,false,2025-08-29,9v5dk0jktb6m3qmeh08nysb9w,67igj3fctu1kt6ntkrwpdt72i,921,921,Orléans,Châteauroux,CHA,1,0,Played,W 1-0,2585281,CHA vs ORL (2025-08-29)
45,d9kwaceoj54pfprd6oc2hwae6,693,Sochaux,Sochaux,SOC,Sochaux,#FFFF00,1qd0wvt30rlswa4g6nu4na660,National 1 (France),1048,"114,403","33,628","56,003","16,223",6097.0,2412.2,3479,4825,1183,385,117,693,4,SOC vs SBR,true,false,true,false,false,2025-08-29,9w5mlw5h7dber797zw0q8crh0,rv0okxl2zv1ow3me605xl8b5,3271,3271,Sochaux,Stade Briochin,SBR,2,0,Played,W 2-0,2585284,SOC vs SBR (2025-08-29)
45,9ri5xhi5qaozcqb7svbvcc4eu,14035,Le Puy Foot,Le Puy Foot,PUY,Le Puy,,1qd0wvt30rlswa4g6nu4na660,National 1 (France),1106,"107,479","35,049","51,094","13,151",5265.6,1655.1,3348,4437,971,326,88,14035,4,PUY vs BBP,true,false,false,true,false,2025-08-29,9vtih98atz4tso09aifg25dlg,bizl0ptma24fjoafuqclu8k5b,3312,3312,Le Puy Foot,Bourg-Péronnas,BBP,1,1,Played,T 1-1,2585283,PUY vs BBP (2025-08-29)
45,rv0okxl2zv1ow3me605xl8b5,3271,Stade Briochin,Stade Briochin,SBR,Stade Briochin,,1qd0wvt30rlswa4g6nu4na660,National 1 (France),1048,"116,054","33,117","57,584","16,603",6499.6,2009.0,3572,4955,1206,407,108,3271,4,SOC vs SBR,false,true,false,false,true,2025-08-29,9w5mlw5h7dber797zw0q8crh0,d9kwaceoj54pfprd6oc2hwae6,693,693,Stade Briochin,Sochaux,SOC,0,2,Played,L 0-2,2585284,SOC vs SBR (2025-08-29)
45,g8cvbv4wrvq7uf4347yjkd35,1996,Valenciennes,Valenciennes,VFC,Valenciennes,#FF0000,1qd0wvt30rlswa4g6nu4na660,National 1 (France),1007,"115,020","34,863","56,284","16,891",6055.7,1655.9,3501,4814,1206,380,92,1996,4,VFC vs ROU,true,false,false,false,true,2025-08-29,9wvjesd7aoo44jlwtg1cgxno4,b97a5km6rb42fv858volubsi6,2340,2340,Valenciennes,Rouen,ROU,2,3,Played,L 2-3,2585286,VFC vs ROU (2025-08-29)
45,b97a5km6rb42fv858volubsi6,2340,Rouen,Rouen,ROU,Rouen,,1qd0wvt30rlswa4g6nu4na660,National 1 (France),1007,"114,441","34,391","58,376","16,314",5579.1,1690.2,3684,4970,1180,345,85,2340,4,VFC vs ROU,false,true,true,false,false,2025-08-29,9wvjesd7aoo44jlwtg1cgxno4,g8cvbv4wrvq7uf4347yjkd35,1996,1996,Rouen,Valenciennes,VFC,3,2,Played,W 3-2,2585286,VFC vs ROU (2025-08-29)
45,33u2ehjypfcu7w3s0pul7tmm7,3272,Concarneau,Concarneau,CON,Concarneau,,1qd0wvt30rlswa4g6nu4na660,National 1 (France),1031,"114,725","34,886","54,752","15,244",6273.6,2608.2,3523,4987,1183,383,133,3272,4,AUB vs CON,false,true,false,true,false,2025-08-29,9uhhj2z78idyu3vzbyhhq9ses,7gytr31zcn0gcewa7pu1ed5hz,9600,9600,Concarneau,Aubagne,AUB,1,1,Played,T 1-1,2585279,AUB vs CON (2025-08-29)
45,ab80vest6tgco121qtfyphq7c,1028,Caen,Caen,CAE,Caen,#000099,1qd0wvt30rlswa4g6nu4na660,National 1 (France),1094,"113,972","34,373","55,056","15,633",6375.8,2060.1,3391,4591,1145,401,102,1028,4,FLE vs CAE,false,true,true,false,false,2025-08-29,9vhcst0cj0abjz8k7mg3s3uok,1z48unyzdkaoulghr9kkgt1g0,12199,12199,Caen,Fleury,FLE,2,1,Played,W 2-1,2585282,FLE vs CAE (2025-08-29)
45,1z48unyzdkaoulghr9kkgt1g0,12199,Fleury,Fleury,FLE,Fleury,,1qd0wvt30rlswa4g6nu4na660,National 1 (France),1094,"113,140","34,253","57,043","14,956",5791.9,1662.6,3507,4693,1098,366,88,12199,4,FLE vs CAE,true,false,false,false,true,2025-08-29,9vhcst0cj0abjz8k7mg3s3uok,ab80vest6tgco121qtfyphq7c,1028,1028,Fleury,Caen,CAE,1,2,Played,L 1-2,2585282,FLE vs CAE (2025-08-29)
45,bizl0ptma24fjoafuqclu8k5b,3312,Bourg-Péronnas,Bourg-Péronnas,BBP,Bourg-Péronnas,#0000ff,1qd0wvt30rlswa4g6nu4na660,National 1 (France),1106,"110,037","34,976","53,141","14,014",5095.0,1641.3,3394,4531,1022,319,88,3312,4,PUY vs BBP,false,true,false,true,false,2025-08-29,9vtih98atz4tso09aifg25dlg,9ri5xhi5qaozcqb7svbvcc4eu,14035,14035,Bourg-Péronnas,Le Puy Foot,PUY,1,1,Played,T 1-1,2585283,PUY vs BBP (2025-08-29)
59,f0ticxo5bjjif0gb54ewfdppm,21581,Paris 13 Atletico,Paris 13 Atletico,P13,Paris 13,,1qd0wvt30rlswa4g6nu4na660,National 1 (France),1077,"109,954","34,288","54,224","14,147",5243.1,1211.6,3429,4542,1029,341,75,21581,5,P13 vs SOC,true,false,false,false,true,2025-09-05,9z9oe0ihqpfco0n84x76eag44,d9kwaceoj54pfprd6oc2hwae6,693,693,Paris 13 Atletico,Sochaux,SOC,1,3,Played,L 1-3,2585293,P13 vs SOC (2025-09-05)
59,7gytr31zcn0gcewa7pu1ed5hz,9600,Aubagne,Aubagne,AUB,Aubagne,,1qd0wvt30rlswa4g6nu4na660,National 1 (France),1132,"109,710","36,420","50,100","13,549",5911.6,2549.2,3422,4377,960,369,132,9600,5,BBP vs AUB,false,true,false,true,false,2025-09-05,9y84nrpakdx63bzom8ewitlw4,bizl0ptma24fjoafuqclu8k5b,3312,3312,Aubagne,Bourg-Péronnas,BBP,0,0,Played,T 0-0,2585290,BBP vs AUB (2025-09-05)
59,79dc2mv3x269nhix3mkhc5wfu,2130,Dijon,Dijon,DIJ,Dijon,#FFA500,1qd0wvt30rlswa4g6nu4na660,National 1 (France),1060,"116,313","33,940","55,992","17,240",6741.5,2521.5,3416,4731,1207,416,114,2130,5,CAE vs DIJ,false,true,false,true,false,2025-09-05,9zlvhi23giwh67hsy75no6uxg,ab80vest6tgco121qtfyphq7c,1028,1028,Dijon,Caen,CAE,0,0,Played,T 0-0,2585294,CAE vs DIJ (2025-09-05)
59,d79cmam5svw9j2mplbu9kut7p,6785,Orléans,Orléans,ORL,Orléans,#FFFF00,1qd0wvt30rlswa4g6nu4na660,National 1 (France),1047,"119,189","32,639","61,264","17,495",6532.8,1873.5,3677,5122,1272,414,93,6785,5,ORL vs PUY,true,false,false,true,false,2025-09-05,9yxb70704572zo2jxqncnf09g,9ri5xhi5qaozcqb7svbvcc4eu,14035,14035,Orléans,Le Puy Foot,PUY,1,1,Played,T 1-1,2585292,ORL vs PUY (2025-09-05)
59,d9kwaceoj54pfprd6oc2hwae6,693,Sochaux,Sochaux,SOC,Sochaux,#FFFF00,1qd0wvt30rlswa4g6nu4na660,National 1 (France),1077,"112,588","34,837","54,468","15,977",6297.7,1630.7,3437,4713,1147,392,90,693,5,P13 vs SOC,false,true,true,false,false,2025-09-05,9z9oe0ihqpfco0n84x76eag44,f0ticxo5bjjif0gb54ewfdppm,21581,21581,Sochaux,Paris 13 Atletico,P13,3,1,Played,W 3-1,2585293,P13 vs SOC (2025-09-05)
59,9ri5xhi5qaozcqb7svbvcc4eu,14035,Le Puy Foot,Le Puy Foot,PUY,Le Puy,,1qd0wvt30rlswa4g6nu4na660,National 1 (France),1047,"121,733","31,625","63,799","18,073",6731.1,1925.8,3834,5440,1322,425,99,14035,5,ORL vs PUY,false,true,false,true,false,2025-09-05,9yxb70704572zo2jxqncnf09g,d79cmam5svw9j2mplbu9kut7p,6785,6785,Le Puy Foot,Orléans,ORL,1,1,Played,T 1-1,2585292,ORL vs PUY (2025-09-05)
59,36bxy6avfw3xp8ocj9frad4b7,3315,Villefranche,Villefranche,VIL,Villefranche,,1qd0wvt30rlswa4g6nu4na660,National 1 (France),1070,"117,481","33,114","55,640","18,447",7791.7,2580.1,3362,4831,1334,488,128,3315,5,VIL vs FLE,true,false,false,false,true,2025-09-05,a0aumty35861sdv4dzvdkscgk,1z48unyzdkaoulghr9kkgt1g0,12199,12199,Villefranche,Fleury,FLE,0,3,Played,L 0-3,2585296,VIL vs FLE (2025-09-05)
59,rv0okxl2zv1ow3me605xl8b5,3271,Stade Briochin,Stade Briochin,SBR,Stade Briochin,,1qd0wvt30rlswa4g6nu4na660,National 1 (France),1070,"110,076","35,279","54,188","13,927",5709.4,1936.0,3890,4911,1028,359,100,3271,5,SBR vs VFC,true,false,true,false,false,2025-09-05,9zyjxhoxyl2gqkpken5x9fbpw,g8cvbv4wrvq7uf4347yjkd35,1996,1996,Stade Briochin,Valenciennes,VFC,2,1,Played,W 2-1,2585295,SBR vs VFC (2025-09-05)
59,g8cvbv4wrvq7uf4347yjkd35,1996,Valenciennes,Valenciennes,VFC,Valenciennes,#FF0000,1qd0wvt30rlswa4g6nu4na660,National 1 (France),1070,"113,546","36,009","53,582","15,169",6310.9,1992.7,3947,5115,1121,402,102,1996,5,SBR vs VFC,false,true,false,false,true,2025-09-05,9zyjxhoxyl2gqkpken5x9fbpw,rv0okxl2zv1ow3me605xl8b5,3271,3271,Valenciennes,Stade Briochin,SBR,1,2,Played,L 1-2,2585295,SBR vs VFC (2025-09-05)
59,33u2ehjypfcu7w3s0pul7tmm7,3272,Concarneau,Concarneau,CON,Concarneau,,1qd0wvt30rlswa4g6nu4na660,National 1 (France),1123,"111,945","36,659","54,468","13,936",4837.7,1508.1,3713,4798,1030,302,75,3272,5,CON vs QRM,true,false,true,false,false,2025-09-05,9xvx30ee1n8jwmuvhcyhdx4ic,8ng94h4147jxd5oxgoaa95yl4,2541,2541,Concarneau,Quevilly-Rouen Métropole,QRM,3,1,Played,W 3-1,2585289,CON vs QRM (2025-09-05)
59,ab80vest6tgco121qtfyphq7c,1028,Caen,Caen,CAE,Caen,#000099,1qd0wvt30rlswa4g6nu4na660,National 1 (France),1060,"115,152","33,524","57,072","16,375",6554.4,2533.1,3415,4712,1174,399,109,1028,5,CAE vs DIJ,true,false,false,true,false,2025-09-05,9zlvhi23giwh67hsy75no6uxg,79dc2mv3x269nhix3mkhc5wfu,2130,2130,Caen,Dijon,DIJ,0,0,Played,T 0-0,2585294,CAE vs DIJ (2025-09-05)
59,8ng94h4147jxd5oxgoaa95yl4,2541,Quevilly-Rouen Métropole,Quevilly-Rouen Métropole,QRM,QRM,#FFFF00,1qd0wvt30rlswa4g6nu4na660,National 1 (France),1110,"115,546","34,301","58,603","15,571",5376.1,1580.0,3678,5056,1145,336,81,2541,5,CON vs QRM,false,true,false,false,true,2025-09-05,9xvx30ee1n8jwmuvhcyhdx4ic,33u2ehjypfcu7w3s0pul7tmm7,3272,3272,Quevilly-Rouen Métropole,Concarneau,CON,1,3,Played,L 1-3,2585289,CON vs QRM (2025-09-05)
59,1z48unyzdkaoulghr9kkgt1g0,12199,Fleury,Fleury,FLE,Fleury,,1qd0wvt30rlswa4g6nu4na660,National 1 (France),1070,"114,217","33,204","56,220","15,675",6133.9,2185.1,3432,4793,1159,377,113,12199,5,VIL vs FLE,false,true,true,false,false,2025-09-05,a0aumty35861sdv4dzvdkscgk,36bxy6avfw3xp8ocj9frad4b7,3315,3315,Fleury,Villefranche,VIL,3,0,Played,W 3-0,2585296,VIL vs FLE (2025-09-05)
59,bizl0ptma24fjoafuqclu8k5b,3312,Bourg-Péronnas,Bourg-Péronnas,BBP,Bourg-Péronnas,#0000ff,1qd0wvt30rlswa4g6nu4na660,National 1 (France),1132,"111,841","35,024","52,341","14,573",6014.1,2057.8,3427,4595,1056,370,114,3312,5,BBP vs AUB,true,false,false,true,false,2025-09-05,9y84nrpakdx63bzom8ewitlw4,7gytr31zcn0gcewa7pu1ed5hz,9600,9600,Bourg-Péronnas,Aubagne,AUB,0,0,Played,T 0-0,2585290,BBP vs AUB (2025-09-05)
73,67igj3fctu1kt6ntkrwpdt72i,921,Châteauroux,Châteauroux,CHA,Châteauroux,#0000FF,1qd0wvt30rlswa4g6nu4na660,National 1 (France),1099,"108,822","35,137","52,158","13,915",5150.1,1404.1,3532,4754,1042,328,78,921,5,ROU vs CHA,false,true,true,false,false,2025-09-06,9ykpbjw8z80ugvr75byjo3p5g,b97a5km6rb42fv858volubsi6,2340,2340,Châteauroux,Rouen,ROU,2,1,Played,W 2-1,2585291,ROU vs CHA (2025-09-06)
73,b97a5km6rb42fv858volubsi6,2340,Rouen,Rouen,ROU,Rouen,,1qd0wvt30rlswa4g6nu4na660,National 1 (France),1058,"103,144","34,737","50,156","13,146",4920.6,1605.1,3443,4547,941,310,88,2340,5,ROU vs CHA,true,false,false,false,true,2025-09-06,9ykpbjw8z80ugvr75byjo3p5g,67igj3fctu1kt6ntkrwpdt72i,921,921,Rouen,Châteauroux,CHA,1,2,Played,L 1-2,2585291,ROU vs CHA (2025-09-06)
75,67igj3fctu1kt6ntkrwpdt72i,921,Châteauroux,Châteauroux,CHA,Châteauroux,#0000FF,1qd0wvt30rlswa4g6nu4na660,National 1 (France),1067,"116,505","33,048","58,019","16,812",6356.1,1966.9,3274,4679,1222,409,99,921,6,CHA vs SBR,true,false,false,true,false,2025-09-12,a113vgq1q3nvik7lrih2hcz6c,rv0okxl2zv1ow3me605xl8b5,3271,3271,Châteauroux,Stade Briochin,SBR,2,2,Played,T 2-2,2585298,CHA vs SBR (2025-09-12)
75,f0ticxo5bjjif0gb54ewfdppm,21581,Paris 13 Atletico,Paris 13 Atletico,P13,Paris 13,,1qd0wvt30rlswa4g6nu4na660,National 1 (France),1023,"103,282","32,438","50,263","13,299",5340.2,1930.1,3227,4321,972,328,98,21581,6,VFC vs P13,false,true,false,false,true,2025-09-12,a33s212yr7tey73lpa9s9jtp0,g8cvbv4wrvq7uf4347yjkd35,1996,1996,Paris 13 Atletico,Valenciennes,VFC,0,1,Played,L 0-1,2585304,VFC vs P13 (2025-09-12)
75,7gytr31zcn0gcewa7pu1ed5hz,9600,Aubagne,Aubagne,AUB,Aubagne,,1qd0wvt30rlswa4g6nu4na660,National 1 (France),1091,"110,644","34,734","53,366","14,030",5618.9,1788.8,3374,4515,1059,348,96,9600,6,QRM vs AUB,false,true,true,false,false,2025-09-12,a2r31e2h8cpwsfnpj7p5m7m6s,8ng94h4147jxd5oxgoaa95yl4,2541,2541,Aubagne,Quevilly-Rouen Métropole,QRM,2,1,Played,W 2-1,2585303,QRM vs AUB (2025-09-12)
75,79dc2mv3x269nhix3mkhc5wfu,2130,Dijon,Dijon,DIJ,Dijon,#FFA500,1qd0wvt30rlswa4g6nu4na660,National 1 (France),1072,"108,265","33,847","52,806","15,195",5460.4,1453.8,3231,4476,1102,336,75,2130,6,DIJ vs VIL,true,false,false,true,false,2025-09-12,a0n68a8hzmg02i32k4wv3s4r8,36bxy6avfw3xp8ocj9frad4b7,3315,3315,Dijon,Villefranche,VIL,0,0,Played,T 0-0,2585297,DIJ vs VIL (2025-09-12)
75,d79cmam5svw9j2mplbu9kut7p,6785,Orléans,Orléans,ORL,Orléans,#FFFF00,1qd0wvt30rlswa4g6nu4na660,National 1 (France),1063,"114,476","33,956","58,592","14,839",5612.8,1574.7,3641,4895,1094,362,93,6785,6,ORL vs BBP,true,false,true,false,false,2025-09-12,a221czrcsw0dfydbmhskd84k4,bizl0ptma24fjoafuqclu8k5b,3312,3312,Orléans,Bourg-Péronnas,BBP,1,0,Played,W 1-0,2585301,ORL vs BBP (2025-09-12)
75,d9kwaceoj54pfprd6oc2hwae6,693,Sochaux,Sochaux,SOC,Sochaux,#FFFF00,1qd0wvt30rlswa4g6nu4na660,National 1 (France),1057,"111,499","33,124","52,938","16,418",6272.4,2077.4,3219,4445,1191,385,101,693,6,SOC vs CAE,true,false,false,true,false,2025-09-12,a2en6fq5dyrbkhjhgsfqo1ixg,ab80vest6tgco121qtfyphq7c,1028,1028,Sochaux,Caen,CAE,1,1,Played,T 1-1,2585302,SOC vs CAE (2025-09-12)
75,9ri5xhi5qaozcqb7svbvcc4eu,14035,Le Puy Foot,Le Puy Foot,PUY,Le Puy,,1qd0wvt30rlswa4g6nu4na660,National 1 (France),988,"109,254","29,836","54,457","16,660",6008.5,1928.1,3236,4563,1180,373,90,14035,6,PUY vs ROU,true,false,false,false,true,2025-09-12,a1plmdtf122cgy96d87651w5w,b97a5km6rb42fv858volubsi6,2340,2340,Le Puy Foot,Rouen,ROU,0,3,Played,L 0-3,2585300,PUY vs ROU (2025-09-12)
75,36bxy6avfw3xp8ocj9frad4b7,3315,Villefranche,Villefranche,VIL,Villefranche,,1qd0wvt30rlswa4g6nu4na660,National 1 (France),1095,"113,358","33,921","57,136","14,688",5535.9,1664.2,3327,4670,1068,343,87,3315,6,DIJ vs VIL,false,true,false,true,false,2025-09-12,a0n68a8hzmg02i32k4wv3s4r8,79dc2mv3x269nhix3mkhc5wfu,2130,2130,Villefranche,Dijon,DIJ,0,0,Played,T 0-0,2585297,DIJ vs VIL (2025-09-12)
75,rv0okxl2zv1ow3me605xl8b5,3271,Stade Briochin,Stade Briochin,SBR,Stade Briochin,,1qd0wvt30rlswa4g6nu4na660,National 1 (France),1067,"113,010","33,937","54,402","16,240",6324.6,2046.0,3401,4694,1175,394,107,3271,6,CHA vs SBR,false,true,false,true,false,2025-09-12,a113vgq1q3nvik7lrih2hcz6c,67igj3fctu1kt6ntkrwpdt72i,921,921,Stade Briochin,Châteauroux,CHA,2,2,Played,T 2-2,2585298,CHA vs SBR (2025-09-12)
75,g8cvbv4wrvq7uf4347yjkd35,1996,Valenciennes,Valenciennes,VFC,Valenciennes,#FF0000,1qd0wvt30rlswa4g6nu4na660,National 1 (France),1001,"103,279","32,085","48,587","14,158",5986.5,2285.0,3113,4237,1011,374,107,1996,6,VFC vs P13,true,false,true,false,false,2025-09-12,a33s212yr7tey73lpa9s9jtp0,f0ticxo5bjjif0gb54ewfdppm,21581,21581,Valenciennes,Paris 13 Atletico,P13,1,0,Played,W 1-0,2585304,VFC vs P13 (2025-09-12)
75,b97a5km6rb42fv858volubsi6,2340,Rouen,Rouen,ROU,Rouen,,1qd0wvt30rlswa4g6nu4na660,National 1 (France),1075,"113,261","34,212","56,367","15,877",5788.3,1862.9,3540,4769,1113,357,97,2340,6,PUY vs ROU,false,true,true,false,false,2025-09-12,a1plmdtf122cgy96d87651w5w,9ri5xhi5qaozcqb7svbvcc4eu,14035,14035,Rouen,Le Puy Foot,PUY,3,0,Played,W 3-0,2585300,PUY vs ROU (2025-09-12)
75,33u2ehjypfcu7w3s0pul7tmm7,3272,Concarneau,Concarneau,CON,Concarneau,,1qd0wvt30rlswa4g6nu4na660,National 1 (France),1058,"107,374","35,456","50,411","13,610",5691.4,2097.6,3496,4632,1014,350,111,3272,6,VRS vs CON,false,true,false,false,true,2025-09-12,a3g70l5bnpnm3s7vsu2slgv10,dse1eu8y1o3t00rlbxpgo084c,5427,5427,Concarneau,Versailles,VRS,0,4,Played,L 0-4,2585305,VRS vs CON (2025-09-12)
75,ab80vest6tgco121qtfyphq7c,1028,Caen,Caen,CAE,Caen,#000099,1qd0wvt30rlswa4g6nu4na660,National 1 (France),1057,"109,616","33,769","50,789","15,449",6617.0,2256.9,3222,4380,1113,407,104,1028,6,SOC vs CAE,false,true,false,true,false,2025-09-12,a2en6fq5dyrbkhjhgsfqo1ixg,d9kwaceoj54pfprd6oc2hwae6,693,693,Caen,Sochaux,SOC,1,1,Played,T 1-1,2585302,SOC vs CAE (2025-09-12)
75,8ng94h4147jxd5oxgoaa95yl4,2541,Quevilly-Rouen Métropole,Quevilly-Rouen Métropole,QRM,QRM,#FFFF00,1qd0wvt30rlswa4g6nu4na660,National 1 (France),1086,"109,173","35,321","51,836","14,154",5398.8,1993.1,3415,4536,1039,352,101,2541,6,QRM vs AUB,true,false,false,false,true,2025-09-12,a2r31e2h8cpwsfnpj7p5m7m6s,7gytr31zcn0gcewa7pu1ed5hz,9600,9600,Quevilly-Rouen Métropole,Aubagne,AUB,1,2,Played,L 1-2,2585303,QRM vs AUB (2025-09-12)
75,bizl0ptma24fjoafuqclu8k5b,3312,Bourg-Péronnas,Bourg-Péronnas,BBP,Bourg-Péronnas,#0000ff,1qd0wvt30rlswa4g6nu4na660,National 1 (France),1038,"114,061","31,338","61,430","15,067",4974.5,1244.2,3776,5146,1120,301,69,3312,6,ORL vs BBP,false,true,false,false,true,2025-09-12,a221czrcsw0dfydbmhskd84k4,d79cmam5svw9j2mplbu9kut7p,6785,6785,Bourg-Péronnas,Orléans,ORL,0,1,Played,L 0-1,2585301,ORL vs BBP (2025-09-12)
75,dse1eu8y1o3t00rlbxpgo084c,5427,Versailles,Versailles,VRS,Versailles,,1qd0wvt30rlswa4g6nu4na660,National 1 (France),1058,"106,795","34,555","52,377","13,036",5420.7,1859.7,3522,4666,972,336,99,5427,6,VRS vs CON,true,false,true,false,false,2025-09-12,a3g70l5bnpnm3s7vsu2slgv10,33u2ehjypfcu7w3s0pul7tmm7,3272,3272,Versailles,Concarneau,CON,4,0,Played,W 4-0,2585305,VRS vs CON (2025-09-12)
91,67igj3fctu1kt6ntkrwpdt72i,921,Châteauroux,Châteauroux,CHA,Châteauroux,#0000FF,1qd0wvt30rlswa4g6nu4na660,National 1 (France),1083,"119,144","33,822","58,021","17,969",7245.2,2582.5,3513,5024,1287,464,128,921,7,P13 vs CHA,false,true,false,true,false,2025-09-19,a5ml44kretnvd2c5sxo08thjo,f0ticxo5bjjif0gb54ewfdppm,21581,21581,Châteauroux,Paris 13 Atletico,P13,1,1,Played,T 1-1,2585311,P13 vs CHA (2025-09-19)
91,f0ticxo5bjjif0gb54ewfdppm,21581,Paris 13 Atletico,Paris 13 Atletico,P13,Paris 13,,1qd0wvt30rlswa4g6nu4na660,National 1 (France),1083,"118,079","33,854","57,414","17,941",7164.6,2383.9,3496,5010,1293,450,116,21581,7,P13 vs CHA,true,false,false,true,false,2025-09-19,a5ml44kretnvd2c5sxo08thjo,67igj3fctu1kt6ntkrwpdt72i,921,921,Paris 13 Atletico,Châteauroux,CHA,1,1,Played,T 1-1,2585311,P13 vs CHA (2025-09-19)
91,7gytr31zcn0gcewa7pu1ed5hz,9600,Aubagne,Aubagne,AUB,Aubagne,,1qd0wvt30rlswa4g6nu4na660,National 1 (France),1072,"111,954","35,360","54,567","14,620",6235.7,2516.6,3577,4806,1045,374,138,9600,7,AUB vs VRS,true,false,false,true,false,2025-09-19,a3sijrafq1ro6ufzkg2ylgdn8,dse1eu8y1o3t00rlbxpgo084c,5427,5427,Aubagne,Versailles,VRS,1,1,Played,T 1-1,2585306,AUB vs VRS (2025-09-19)
91,d79cmam5svw9j2mplbu9kut7p,6785,Orléans,Orléans,ORL,Orléans,#FFFF00,1qd0wvt30rlswa4g6nu4na660,National 1 (France),1097,"119,437","35,204","58,588","16,643",6613.1,2345.6,3604,4889,1188,420,113,6785,7,ROU vs ORL,false,true,false,false,true,2025-09-19,a55vfss5kvai3c2jv69oo4jys,b97a5km6rb42fv858volubsi6,2340,2340,Orléans,Rouen,ROU,0,1,Played,L 0-1,2585310,ROU vs ORL (2025-09-19)
91,d9kwaceoj54pfprd6oc2hwae6,693,Sochaux,Sochaux,SOC,Sochaux,#FFFF00,1qd0wvt30rlswa4g6nu4na660,National 1 (France),1036,"110,453","34,858","52,086","15,818",6012.7,1856.8,3266,4493,1151,378,96,693,7,VIL vs SOC,false,true,false,false,true,2025-09-19,a6nmtexon0em47k5wo35ftfdg,36bxy6avfw3xp8ocj9frad4b7,3315,3315,Sochaux,Villefranche,VIL,0,1,Played,L 0-1,2585314,VIL vs SOC (2025-09-19)
91,9ri5xhi5qaozcqb7svbvcc4eu,14035,Le Puy Foot,Le Puy Foot,PUY,Le Puy,,1qd0wvt30rlswa4g6nu4na660,National 1 (France),1080,"118,601","33,113","62,224","17,236",5946.2,1360.8,3852,5440,1247,377,76,14035,7,SBR vs PUY,false,true,true,false,false,2025-09-19,a6b9ees4hsp5h86v1vt6xc3kk,rv0okxl2zv1ow3me605xl8b5,3271,3271,Le Puy Foot,Stade Briochin,SBR,2,1,Played,W 2-1,2585313,SBR vs PUY (2025-09-19)
91,36bxy6avfw3xp8ocj9frad4b7,3315,Villefranche,Villefranche,VIL,Villefranche,,1qd0wvt30rlswa4g6nu4na660,National 1 (France),1045,"111,328","34,162","52,477","16,807",5625.4,1841.9,3330,4630,1215,356,93,3315,7,VIL vs SOC,true,false,true,false,false,2025-09-19,a6nmtexon0em47k5wo35ftfdg,d9kwaceoj54pfprd6oc2hwae6,693,693,Villefranche,Sochaux,SOC,1,0,Played,W 1-0,2585314,VIL vs SOC (2025-09-19)
91,rv0okxl2zv1ow3me605xl8b5,3271,Stade Briochin,Stade Briochin,SBR,Stade Briochin,,1qd0wvt30rlswa4g6nu4na660,National 1 (France),1080,"115,502","34,368","59,199","15,613",5469.7,1554.0,3962,5297,1133,344,80,3271,7,SBR vs PUY,true,false,false,false,true,2025-09-19,a6b9ees4hsp5h86v1vt6xc3kk,9ri5xhi5qaozcqb7svbvcc4eu,14035,14035,Stade Briochin,Le Puy Foot,PUY,1,2,Played,L 1-2,2585313,SBR vs PUY (2025-09-19)
91,g8cvbv4wrvq7uf4347yjkd35,1996,Valenciennes,Valenciennes,VFC,Valenciennes,#FF0000,1qd0wvt30rlswa4g6nu4na660,National 1 (France),1048,"113,707","33,783","56,404","15,641",5886.6,1929.5,3519,4839,1141,353,87,1996,7,CAE vs VFC,false,true,false,true,false,2025-09-19,a5ytvxslvopbvvu4c9i462wb8,ab80vest6tgco121qtfyphq7c,1028,1028,Valenciennes,Caen,CAE,0,0,Played,T 0-0,2585312,CAE vs VFC (2025-09-19)
91,b97a5km6rb42fv858volubsi6,2340,Rouen,Rouen,ROU,Rouen,,1qd0wvt30rlswa4g6nu4na660,National 1 (France),1097,"119,079","35,664","58,462","16,324",6172.7,2016.8,3761,5046,1147,390,101,2340,7,ROU vs ORL,true,false,true,false,false,2025-09-19,a55vfss5kvai3c2jv69oo4jys,d79cmam5svw9j2mplbu9kut7p,6785,6785,Rouen,Orléans,ORL,1,0,Played,W 1-0,2585310,ROU vs ORL (2025-09-19)
91,33u2ehjypfcu7w3s0pul7tmm7,3272,Concarneau,Concarneau,CON,Concarneau,,1qd0wvt30rlswa4g6nu4na660,National 1 (France),1015,"112,253","33,157","54,803","15,280",6257.3,2131.1,3500,4753,1122,401,101,3272,7,CON vs FLE,true,false,false,false,true,2025-09-19,a4haimzs4vmleiqj1531mp34k,1z48unyzdkaoulghr9kkgt1g0,12199,12199,Concarneau,Fleury,FLE,0,1,Played,L 0-1,2585308,CON vs FLE (2025-09-19)
91,ab80vest6tgco121qtfyphq7c,1028,Caen,Caen,CAE,Caen,#000099,1qd0wvt30rlswa4g6nu4na660,National 1 (France),1048,"112,807","34,491","55,195","15,312",6386.5,2080.5,3507,4732,1104,386,100,1028,7,CAE vs VFC,true,false,false,true,false,2025-09-19,a5ytvxslvopbvvu4c9i462wb8,g8cvbv4wrvq7uf4347yjkd35,1996,1996,Caen,Valenciennes,VFC,0,0,Played,T 0-0,2585312,CAE vs VFC (2025-09-19)
91,8ng94h4147jxd5oxgoaa95yl4,2541,Quevilly-Rouen Métropole,Quevilly-Rouen Métropole,QRM,QRM,#FFFF00,1qd0wvt30rlswa4g6nu4na660,National 1 (France),1067,"121,318","32,581","63,290","17,727",6648.5,1813.3,5313,6205,1250,381,85,2541,7,BBP vs QRM,false,true,true,false,false,2025-09-19,a4tlsj7nwy0crph14rbejaf4k,bizl0ptma24fjoafuqclu8k5b,3312,3312,Quevilly-Rouen Métropole,Bourg-Péronnas,BBP,3,0,Played,W 3-0,2585309,BBP vs QRM (2025-09-19)
91,1z48unyzdkaoulghr9kkgt1g0,12199,Fleury,Fleury,FLE,Fleury,,1qd0wvt30rlswa4g6nu4na660,National 1 (France),1044,"114,635","33,303","59,285","14,688",5884.9,1698.6,3605,4810,1076,374,89,12199,7,CON vs FLE,false,true,true,false,false,2025-09-19,a4haimzs4vmleiqj1531mp34k,33u2ehjypfcu7w3s0pul7tmm7,3272,3272,Fleury,Concarneau,CON,1,0,Played,W 1-0,2585308,CON vs FLE (2025-09-19)
91,bizl0ptma24fjoafuqclu8k5b,3312,Bourg-Péronnas,Bourg-Péronnas,BBP,Bourg-Péronnas,#0000ff,1qd0wvt30rlswa4g6nu4na660,National 1 (France),1067,"121,585","33,816","61,646","18,353",6306.6,1455.8,4828,5872,1321,366,78,3312,7,BBP vs QRM,true,false,false,false,true,2025-09-19,a4tlsj7nwy0crph14rbejaf4k,8ng94h4147jxd5oxgoaa95yl4,2541,2541,Bourg-Péronnas,Quevilly-Rouen Métropole,QRM,0,3,Played,L 0-3,2585309,BBP vs QRM (2025-09-19)
91,dse1eu8y1o3t00rlbxpgo084c,5427,Versailles,Versailles,VRS,Versailles,,1qd0wvt30rlswa4g6nu4na660,National 1 (France),1072,"111,866","35,114","53,063","14,161",6323.4,2280.4,3467,4716,1040,397,131,5427,7,AUB vs VRS,false,true,false,true,false,2025-09-19,a3sijrafq1ro6ufzkg2ylgdn8,7gytr31zcn0gcewa7pu1ed5hz,9600,9600,Versailles,Aubagne,AUB,1,1,Played,T 1-1,2585306,AUB vs VRS (2025-09-19)
107,67igj3fctu1kt6ntkrwpdt72i,921,Châteauroux,Châteauroux,CHA,Châteauroux,#0000FF,1qd0wvt30rlswa4g6nu4na660,National 1 (France),1085,"115,028","32,435","57,934","16,795",6145.4,1585.6,3329,4714,1227,380,85,921,8,CHA vs CAE,true,false,true,false,false,2025-09-26,a7cewycj1c8o00hkrs7bzy3o4,ab80vest6tgco121qtfyphq7c,1028,1028,Châteauroux,Caen,CAE,2,1,Played,W 2-1,2585316,CHA vs CAE (2025-09-26)
107,f0ticxo5bjjif0gb54ewfdppm,21581,Paris 13 Atletico,Paris 13 Atletico,P13,Paris 13,,1qd0wvt30rlswa4g6nu4na660,National 1 (France),992,"102,553","30,659","51,203","14,018",5147.0,1471.2,3267,4450,1029,330,77,21581,8,PUY vs P13,false,true,false,true,false,2025-09-26,a8d9bigwpo6zslknvfyko70gk,9ri5xhi5qaozcqb7svbvcc4eu,14035,14035,Paris 13 Atletico,Le Puy Foot,PUY,1,1,Played,T 1-1,2585319,PUY vs P13 (2025-09-26)
107,7gytr31zcn0gcewa7pu1ed5hz,9600,Aubagne,Aubagne,AUB,Aubagne,,1qd0wvt30rlswa4g6nu4na660,National 1 (France),1046,"108,733","34,488","53,275","14,148",5561.7,2141.2,3413,4465,1021,344,113,9600,8,FLE vs AUB,false,true,true,false,false,2025-09-26,a80waxnmk08shl63jdytyivis,1z48unyzdkaoulghr9kkgt1g0,12199,12199,Aubagne,Fleury,FLE,2,0,Played,W 2-0,2585318,FLE vs AUB (2025-09-26)
107,79dc2mv3x269nhix3mkhc5wfu,2130,Dijon,Dijon,DIJ,Dijon,#FFA500,1qd0wvt30rlswa4g6nu4na660,National 1 (France),1059,"113,213","33,573","56,699","16,562",5756.9,1552.6,3462,4913,1184,359,77,2130,8,DIJ vs CON,true,false,true,false,false,2025-09-26,a702zbddaq5dylilclgk8rn6c,33u2ehjypfcu7w3s0pul7tmm7,3272,3272,Dijon,Concarneau,CON,3,0,Played,W 3-0,2585315,DIJ vs CON (2025-09-26)
107,d79cmam5svw9j2mplbu9kut7p,6785,Orléans,Orléans,ORL,Orléans,#FFFF00,1qd0wvt30rlswa4g6nu4na660,National 1 (France),1049,"121,468","31,958","61,981","18,430",6826.6,2041.0,3647,5233,1345,432,113,6785,8,ORL vs SBR,true,false,true,false,false,2025-09-26,a8pmnb6vwvnziuo31f2035mvo,rv0okxl2zv1ow3me605xl8b5,3271,3271,Orléans,Stade Briochin,SBR,3,2,Played,W 3-2,2585320,ORL vs SBR (2025-09-26)
107,9ri5xhi5qaozcqb7svbvcc4eu,14035,Le Puy Foot,Le Puy Foot,PUY,Le Puy,,1qd0wvt30rlswa4g6nu4na660,National 1 (France),1069,"110,531","33,127","54,617","14,621",5706.4,1778.0,3459,4739,1090,362,93,14035,8,PUY vs P13,true,false,false,true,false,2025-09-26,a8d9bigwpo6zslknvfyko70gk,f0ticxo5bjjif0gb54ewfdppm,21581,21581,Le Puy Foot,Paris 13 Atletico,P13,1,1,Played,T 1-1,2585319,PUY vs P13 (2025-09-26)
107,36bxy6avfw3xp8ocj9frad4b7,3315,Villefranche,Villefranche,VIL,Villefranche,,1qd0wvt30rlswa4g6nu4na660,National 1 (France),1044,"120,248","31,925","61,624","17,467",6484.1,1582.8,3717,5156,1300,411,86,3315,8,VFC vs VIL,false,true,false,false,true,2025-09-26,a9ebv3zzhesmhpmkw2y268k5w,g8cvbv4wrvq7uf4347yjkd35,1996,1996,Villefranche,Valenciennes,VFC,0,2,Played,L 0-2,2585322,VFC vs VIL (2025-09-26)
107,rv0okxl2zv1ow3me605xl8b5,3271,Stade Briochin,Stade Briochin,SBR,Stade Briochin,,1qd0wvt30rlswa4g6nu4na660,National 1 (France),1049,"121,644","32,872","61,050","18,642",7239.9,1847.8,3661,5185,1347,461,96,3271,8,ORL vs SBR,false,true,false,false,true,2025-09-26,a8pmnb6vwvnziuo31f2035mvo,d79cmam5svw9j2mplbu9kut7p,6785,6785,Stade Briochin,Orléans,ORL,2,3,Played,L 2-3,2585320,ORL vs SBR (2025-09-26)
107,g8cvbv4wrvq7uf4347yjkd35,1996,Valenciennes,Valenciennes,VFC,Valenciennes,#FF0000,1qd0wvt30rlswa4g6nu4na660,National 1 (France),1044,"120,422","32,478","61,528","17,975",5865.7,1805.9,3737,5261,1308,372,90,1996,8,VFC vs VIL,true,false,true,false,false,2025-09-26,a9ebv3zzhesmhpmkw2y268k5w,36bxy6avfw3xp8ocj9frad4b7,3315,3315,Valenciennes,Villefranche,VIL,2,0,Played,W 2-0,2585322,VFC vs VIL (2025-09-26)
107,b97a5km6rb42fv858volubsi6,2340,Rouen,Rouen,ROU,Rouen,,1qd0wvt30rlswa4g6nu4na660,National 1 (France),1038,"107,966","34,660","51,876","14,003",5604.0,1905.5,3488,4593,1004,351,101,2340,8,ROU vs BBP,true,false,true,false,false,2025-09-26,a7on9t0s4592miee77wizhj4k,bizl0ptma24fjoafuqclu8k5b,3312,3312,Rouen,Bourg-Péronnas,BBP,1,0,Played,W 1-0,2585317,ROU vs BBP (2025-09-26)
107,33u2ehjypfcu7w3s0pul7tmm7,3272,Concarneau,Concarneau,CON,Concarneau,,1qd0wvt30rlswa4g6nu4na660,National 1 (France),1059,"112,779","34,105","55,724","14,866",5594.9,1578.0,3589,4910,1095,350,86,3272,8,DIJ vs CON,false,true,false,false,true,2025-09-26,a702zbddaq5dylilclgk8rn6c,79dc2mv3x269nhix3mkhc5wfu,2130,2130,Concarneau,Dijon,DIJ,0,3,Played,L 0-3,2585315,DIJ vs CON (2025-09-26)
107,ab80vest6tgco121qtfyphq7c,1028,Caen,Caen,CAE,Caen,#000099,1qd0wvt30rlswa4g6nu4na660,National 1 (France),1085,"115,597","33,349","56,525","16,837",6079.9,1899.5,3327,4753,1229,387,91,1028,8,CHA vs CAE,false,true,false,false,true,2025-09-26,a7cewycj1c8o00hkrs7bzy3o4,67igj3fctu1kt6ntkrwpdt72i,921,921,Caen,Châteauroux,CHA,1,2,Played,L 1-2,2585316,CHA vs CAE (2025-09-26)
107,8ng94h4147jxd5oxgoaa95yl4,2541,Quevilly-Rouen Métropole,Quevilly-Rouen Métropole,QRM,QRM,#FFFF00,1qd0wvt30rlswa4g6nu4na660,National 1 (France),1037,"107,480","31,959","53,094","14,432",5213.5,1541.4,3531,4754,1071,318,80,2541,8,VRS vs QRM,false,true,true,false,false,2025-09-26,a9qp5harqyxsj2iszsdaa1s0k,dse1eu8y1o3t00rlbxpgo084c,5427,5427,Quevilly-Rouen Métropole,Versailles,VRS,2,1,Played,W 2-1,2585323,VRS vs QRM (2025-09-26)
107,1z48unyzdkaoulghr9kkgt1g0,12199,Fleury,Fleury,FLE,Fleury,,1qd0wvt30rlswa4g6nu4na660,National 1 (France),1046,"107,701","34,409","52,931","12,907",5374.3,1266.3,3416,4455,960,340,76,12199,8,FLE vs AUB,true,false,false,false,true,2025-09-26,a80waxnmk08shl63jdytyivis,7gytr31zcn0gcewa7pu1ed5hz,9600,9600,Fleury,Aubagne,AUB,0,2,Played,L 0-2,2585318,FLE vs AUB (2025-09-26)
107,bizl0ptma24fjoafuqclu8k5b,3312,Bourg-Péronnas,Bourg-Péronnas,BBP,Bourg-Péronnas,#0000ff,1qd0wvt30rlswa4g6nu4na660,National 1 (France),1038,"108,684","33,808","54,721","13,595",4985.2,1740.7,3608,4763,1011,314,93,3312,8,ROU vs BBP,false,true,false,false,true,2025-09-26,a7on9t0s4592miee77wizhj4k,b97a5km6rb42fv858volubsi6,2340,2340,Bourg-Péronnas,Rouen,ROU,0,1,Played,L 0-1,2585317,ROU vs BBP (2025-09-26)
107,dse1eu8y1o3t00rlbxpgo084c,5427,Versailles,Versailles,VRS,Versailles,,1qd0wvt30rlswa4g6nu4na660,National 1 (France),1083,"112,412","33,916","54,270","15,586",5757.4,2060.2,3566,4788,1151,367,99,5427,8,VRS vs QRM,true,false,false,false,true,2025-09-26,a9qp5harqyxsj2iszsdaa1s0k,8ng94h4147jxd5oxgoaa95yl4,2541,2541,Versailles,Quevilly-Rouen Métropole,QRM,1,2,Played,L 1-2,2585323,VRS vs QRM (2025-09-26)
123,67igj3fctu1kt6ntkrwpdt72i,921,Châteauroux,Châteauroux,CHA,Châteauroux,#0000FF,1qd0wvt30rlswa4g6nu4na660,National 1 (France),1086,"111,371","33,102","53,868","15,467",6068.1,1832.3,3341,4570,1135,380,99,921,9,VIL vs CHA,false,true,false,false,true,2025-10-03,acxfjv6ibbqc692vb9401szys,36bxy6avfw3xp8ocj9frad4b7,3315,3315,Châteauroux,Villefranche,VIL,1,2,Played,L 1-2,2585332,VIL vs CHA (2025-10-03)
123,f0ticxo5bjjif0gb54ewfdppm,21581,Paris 13 Atletico,Paris 13 Atletico,P13,Paris 13,,1qd0wvt30rlswa4g6nu4na660,National 1 (France),1049,"123,539","31,729","62,757","20,034",7488.0,2161.4,3616,5338,1434,479,110,21581,9,P13 vs ORL,true,false,false,true,false,2025-10-03,abjra1r9hefct7r0mmuw6mnf8,d79cmam5svw9j2mplbu9kut7p,6785,6785,Paris 13 Atletico,Orléans,ORL,2,2,Played,T 2-2,2585328,P13 vs ORL (2025-10-03)
123,7gytr31zcn0gcewa7pu1ed5hz,9600,Aubagne,Aubagne,AUB,Aubagne,,1qd0wvt30rlswa4g6nu4na660,National 1 (France),1074,"114,425","34,318","56,348","15,142",6127.7,2370.3,3636,4984,1153,369,122,9600,9,AUB vs DIJ,true,false,false,true,false,2025-10-03,aa4tg73y25bhdosiyc4pav7kk,79dc2mv3x269nhix3mkhc5wfu,2130,2130,Aubagne,Dijon,DIJ,1,1,Played,T 1-1,2585324,AUB vs DIJ (2025-10-03)
123,79dc2mv3x269nhix3mkhc5wfu,2130,Dijon,Dijon,DIJ,Dijon,#FFA500,1qd0wvt30rlswa4g6nu4na660,National 1 (France),1074,"114,001","34,631","54,868","16,027",6376.9,2393.6,3608,5029,1149,412,118,2130,9,AUB vs DIJ,false,true,false,true,false,2025-10-03,aa4tg73y25bhdosiyc4pav7kk,7gytr31zcn0gcewa7pu1ed5hz,9600,9600,Dijon,Aubagne,AUB,1,1,Played,T 1-1,2585324,AUB vs DIJ (2025-10-03)
123,d79cmam5svw9j2mplbu9kut7p,6785,Orléans,Orléans,ORL,Orléans,#FFFF00,1qd0wvt30rlswa4g6nu4na660,National 1 (France),1049,"125,045","32,581","61,746","20,628",8091.9,2646.7,3676,5242,1462,533,134,6785,9,P13 vs ORL,false,true,false,true,false,2025-10-03,abjra1r9hefct7r0mmuw6mnf8,f0ticxo5bjjif0gb54ewfdppm,21581,21581,Orléans,Paris 13 Atletico,P13,2,2,Played,T 2-2,2585328,P13 vs ORL (2025-10-03)
123,d9kwaceoj54pfprd6oc2hwae6,693,Sochaux,Sochaux,SOC,Sochaux,#FFFF00,1qd0wvt30rlswa4g6nu4na660,National 1 (France),1065,"108,547","34,403","52,441","14,484",5470.4,1886.6,3368,4519,1066,339,95,693,9,CON vs SOC,false,true,false,false,true,2025-10-03,aatoah1ir0wphzpy11l4lzqj8,33u2ehjypfcu7w3s0pul7tmm7,3272,3272,Sochaux,Concarneau,CON,0,1,Played,L 0-1,2585326,CON vs SOC (2025-10-03)
123,9ri5xhi5qaozcqb7svbvcc4eu,14035,Le Puy Foot,Le Puy Foot,PUY,Le Puy,,1qd0wvt30rlswa4g6nu4na660,National 1 (France),1062,"119,305","32,264","59,495","18,219",7278.2,1862.3,3556,4965,1316,464,104,14035,9,CAE vs PUY,false,true,false,false,true,2025-10-03,abw7gc28dld7aatmlugh54jro,ab80vest6tgco121qtfyphq7c,1028,1028,Le Puy Foot,Caen,CAE,0,2,Played,L 0-2,2585329,CAE vs PUY (2025-10-03)
123,36bxy6avfw3xp8ocj9frad4b7,3315,Villefranche,Villefranche,VIL,Villefranche,,1qd0wvt30rlswa4g6nu4na660,National 1 (France),1086,"112,606","33,370","53,954","15,689",6058.3,2005.5,3404,4660,1143,386,100,3315,9,VIL vs CHA,true,false,true,false,false,2025-10-03,acxfjv6ibbqc692vb9401szys,67igj3fctu1kt6ntkrwpdt72i,921,921,Villefranche,Châteauroux,CHA,2,1,Played,W 2-1,2585332,VIL vs CHA (2025-10-03)
123,rv0okxl2zv1ow3me605xl8b5,3271,Stade Briochin,Stade Briochin,SBR,Stade Briochin,,1qd0wvt30rlswa4g6nu4na660,National 1 (France),1051,"110,039","34,356","54,770","14,300",5588.3,1699.7,3632,4769,1064,359,90,3271,9,SBR vs ROU,true,false,false,false,true,2025-10-03,ac8mk6vo5eb2zmx9m0ef5tp90,b97a5km6rb42fv858volubsi6,2340,2340,Stade Briochin,Rouen,ROU,0,1,Played,L 0-1,2585330,SBR vs ROU (2025-10-03)
123,b97a5km6rb42fv858volubsi6,2340,Rouen,Rouen,ROU,Rouen,,1qd0wvt30rlswa4g6nu4na660,National 1 (France),1051,"106,951","35,068","53,177","13,255",4754.6,1475.0,3652,4698,955,295,79,2340,9,SBR vs ROU,false,true,true,false,false,2025-10-03,ac8mk6vo5eb2zmx9m0ef5tp90,rv0okxl2zv1ow3me605xl8b5,3271,3271,Rouen,Stade Briochin,SBR,1,0,Played,W 1-0,2585330,SBR vs ROU (2025-10-03)
123,33u2ehjypfcu7w3s0pul7tmm7,3272,Concarneau,Concarneau,CON,Concarneau,,1qd0wvt30rlswa4g6nu4na660,National 1 (France),1065,"108,074","34,556","52,588","14,078",5579.8,1737.0,3367,4556,1027,345,91,3272,9,CON vs SOC,true,false,true,false,false,2025-10-03,aatoah1ir0wphzpy11l4lzqj8,d9kwaceoj54pfprd6oc2hwae6,693,693,Concarneau,Sochaux,SOC,1,0,Played,W 1-0,2585326,CON vs SOC (2025-10-03)
123,ab80vest6tgco121qtfyphq7c,1028,Caen,Caen,CAE,Caen,#000099,1qd0wvt30rlswa4g6nu4na660,National 1 (France),1062,"114,639","32,623","58,549","16,041",5820.5,1845.0,3610,4948,1158,375,90,1028,9,CAE vs PUY,true,false,true,false,false,2025-10-03,abw7gc28dld7aatmlugh54jro,9ri5xhi5qaozcqb7svbvcc4eu,14035,14035,Caen,Le Puy Foot,PUY,2,0,Played,W 2-0,2585329,CAE vs PUY (2025-10-03)
123,8ng94h4147jxd5oxgoaa95yl4,2541,Quevilly-Rouen Métropole,Quevilly-Rouen Métropole,QRM,QRM,#FFFF00,1qd0wvt30rlswa4g6nu4na660,National 1 (France),1063,"112,538","33,632","57,762","14,284",5553.8,1888.6,3683,4941,1060,336,94,2541,9,QRM vs FLE,true,false,false,true,false,2025-10-03,acl24ji5q7gllgjbpdbmgdlhw,1z48unyzdkaoulghr9kkgt1g0,12199,12199,Quevilly-Rouen Métropole,Fleury,FLE,1,1,Played,T 1-1,2585331,QRM vs FLE (2025-10-03)
123,1z48unyzdkaoulghr9kkgt1g0,12199,Fleury,Fleury,FLE,Fleury,,1qd0wvt30rlswa4g6nu4na660,National 1 (France),1063,"109,302","34,932","54,404","13,780",5099.9,1398.9,3638,4747,1027,320,73,12199,9,QRM vs FLE,false,true,false,true,false,2025-10-03,acl24ji5q7gllgjbpdbmgdlhw,8ng94h4147jxd5oxgoaa95yl4,2541,2541,Fleury,Quevilly-Rouen Métropole,QRM,1,1,Played,T 1-1,2585331,QRM vs FLE (2025-10-03)
123,bizl0ptma24fjoafuqclu8k5b,3312,Bourg-Péronnas,Bourg-Péronnas,BBP,Bourg-Péronnas,#0000ff,1qd0wvt30rlswa4g6nu4na660,National 1 (France),1040,0.0,0.0,0.0,0.0,0.0,0.0,0,0,0,0,0,3312,9,BBP vs VRS,true,false,false,false,true,2025-10-03,ab6xgqfv32v6y4pi7lowllij8,dse1eu8y1o3t00rlbxpgo084c,5427,5427,Bourg-Péronnas,Versailles,VRS,0,1,Played,L 0-1,2585327,BBP vs VRS (2025-10-03)
123,dse1eu8y1o3t00rlbxpgo084c,5427,Versailles,Versailles,VRS,Versailles,,1qd0wvt30rlswa4g6nu4na660,National 1 (France),1040,0.0,0.0,0.0,0.0,0.0,0.0,0,0,0,0,0,5427,9,BBP vs VRS,false,true,true,false,false,2025-10-03,ab6xgqfv32v6y4pi7lowllij8,bizl0ptma24fjoafuqclu8k5b,3312,3312,Versailles,Bourg-Péronnas,BBP,1,0,Played,W 1-0,2585327,BBP vs VRS (2025-10-03)
139,36bxy6avfw3xp8ocj9frad4b7,3315,Villefranche,Villefranche,VIL,Villefranche,,1qd0wvt30rlswa4g6nu4na660,National 1 (France),1090,"117,061","33,929","56,983","16,576",6833.4,2633.0,3573,5048,1190,408,128,3315,4,VRS vs VIL,false,true,false,false,true,2025-10-07,9x7o2v518srm4qvf62xeq426s,dse1eu8y1o3t00rlbxpgo084c,5427,5427,Villefranche,Versailles,VRS,1,2,Played,L 1-2,2585287,VRS vs VIL (2025-10-07)
139,dse1eu8y1o3t00rlbxpgo084c,5427,Versailles,Versailles,VRS,Versailles,,1qd0wvt30rlswa4g6nu4na660,National 1 (France),1090,"117,180","34,003","57,219","16,284",6547.0,2585.2,3575,4937,1180,401,124,5427,4,VRS vs VIL,true,false,true,false,false,2025-10-07,9x7o2v518srm4qvf62xeq426s,36bxy6avfw3xp8ocj9frad4b7,3315,3315,Versailles,Villefranche,VIL,2,1,Played,W 2-1,2585287,VRS vs VIL (2025-10-07)
141,f0ticxo5bjjif0gb54ewfdppm,21581,Paris 13 Atletico,Paris 13 Atletico,P13,Paris 13,,1qd0wvt30rlswa4g6nu4na660,National 1 (France),1055,"108,268","34,504","52,201","14,338",5239.8,1520.7,3552,4641,1071,325,78,21581,10,ROU vs P13,false,true,false,false,true,2025-10-17,adyf744o09ijnximmf68b6gwk,b97a5km6rb42fv858volubsi6,2340,2340,Paris 13 Atletico,Rouen,ROU,0,3,Played,L 0-3,2585335,ROU vs P13 (2025-10-17)
141,7gytr31zcn0gcewa7pu1ed5hz,9600,Aubagne,Aubagne,AUB,Aubagne,,1qd0wvt30rlswa4g6nu4na660,National 1 (France),1061,"115,531","33,161","55,174","16,746",7275.4,3107.0,3412,4715,1211,448,137,9600,10,SOC vs AUB,false,true,false,false,true,2025-10-17,afdq295ezzcsouta78xpdbytw,d9kwaceoj54pfprd6oc2hwae6,693,693,Aubagne,Sochaux,SOC,0,2,Played,L 0-2,2585339,SOC vs AUB (2025-10-17)
141,79dc2mv3x269nhix3mkhc5wfu,2130,Dijon,Dijon,DIJ,Dijon,#FFA500,1qd0wvt30rlswa4g6nu4na660,National 1 (France),1033,"111,185","33,224","54,446","15,976",6069.5,1640.8,3595,4817,1129,384,80,2130,10,DIJ vs QRM,true,false,true,false,false,2025-10-17,ad9u9d05w5jr8i5pkvhhcakgk,8ng94h4147jxd5oxgoaa95yl4,2541,2541,Dijon,Quevilly-Rouen Métropole,QRM,4,1,Played,W 4-1,2585333,DIJ vs QRM (2025-10-17)
141,d79cmam5svw9j2mplbu9kut7p,6785,Orléans,Orléans,ORL,Orléans,#FFFF00,1qd0wvt30rlswa4g6nu4na660,National 1 (France),1085,"114,820","35,216","55,310","15,898",6116.8,2106.1,3569,4842,1160,397,101,6785,10,ORL vs CAE,true,false,true,false,false,2025-10-17,af1df8yazgbs7nkt1nv28m5n8,ab80vest6tgco121qtfyphq7c,1028,1028,Orléans,Caen,CAE,2,1,Played,W 2-1,2585338,ORL vs CAE (2025-10-17)
141,d9kwaceoj54pfprd6oc2hwae6,693,Sochaux,Sochaux,SOC,Sochaux,#FFFF00,1qd0wvt30rlswa4g6nu4na660,National 1 (France),1061,"112,193","33,664","54,193","15,345",6348.1,2353.7,3407,4640,1140,385,114,693,10,SOC vs AUB,true,false,true,false,false,2025-10-17,afdq295ezzcsouta78xpdbytw,7gytr31zcn0gcewa7pu1ed5hz,9600,9600,Sochaux,Aubagne,AUB,2,0,Played,W 2-0,2585339,SOC vs AUB (2025-10-17)
141,9ri5xhi5qaozcqb7svbvcc4eu,14035,Le Puy Foot,Le Puy Foot,PUY,Le Puy,,1qd0wvt30rlswa4g6nu4na660,National 1 (France),1033,"116,349","31,814","60,350","16,343",6472.3,1939.8,3491,4889,1177,400,103,14035,10,PUY vs VIL,true,false,true,false,false,2025-10-17,aep1c80uh436v3iqac08lu49g,36bxy6avfw3xp8ocj9frad4b7,3315,3315,Le Puy Foot,Villefranche,VIL,3,0,Played,W 3-0,2585337,PUY vs VIL (2025-10-17)
141,36bxy6avfw3xp8ocj9frad4b7,3315,Villefranche,Villefranche,VIL,Villefranche,,1qd0wvt30rlswa4g6nu4na660,National 1 (France),1033,"116,252","32,619","59,220","16,476",6468.4,2082.8,3602,4970,1207,414,108,3315,10,PUY vs VIL,false,true,false,false,true,2025-10-17,aep1c80uh436v3iqac08lu49g,9ri5xhi5qaozcqb7svbvcc4eu,14035,14035,Villefranche,Le Puy Foot,PUY,0,3,Played,L 0-3,2585337,PUY vs VIL (2025-10-17)
141,rv0okxl2zv1ow3me605xl8b5,3271,Stade Briochin,Stade Briochin,SBR,Stade Briochin,,1qd0wvt30rlswa4g6nu4na660,National 1 (France),1106,"116,829","35,136","57,143","15,778",6467.3,2272.5,3576,4844,1155,402,114,3271,10,SBR vs BBP,true,false,false,false,true,2025-10-17,afpw6aqv1ur76uz5qe0ggxno4,bizl0ptma24fjoafuqclu8k5b,3312,3312,Stade Briochin,Bourg-Péronnas,BBP,1,2,Played,L 1-2,2585340,SBR vs BBP (2025-10-17)
141,g8cvbv4wrvq7uf4347yjkd35,1996,Valenciennes,Valenciennes,VFC,Valenciennes,#FF0000,1qd0wvt30rlswa4g6nu4na660,National 1 (France),1035,"112,038","31,685","56,050","16,191",5895.3,1765.2,3350,4798,1186,367,87,1996,10,VFC vs CON,true,false,false,false,true,2025-10-17,ag269qlm2voph5wuswfksoglw,33u2ehjypfcu7w3s0pul7tmm7,3272,3272,Valenciennes,Concarneau,CON,1,2,Played,L 1-2,2585341,VFC vs CON (2025-10-17)
141,b97a5km6rb42fv858volubsi6,2340,Rouen,Rouen,ROU,Rouen,,1qd0wvt30rlswa4g6nu4na660,National 1 (France),1055,"108,279","35,022","52,577","14,293",5473.8,1747.5,3536,4626,1028,340,90,2340,10,ROU vs P13,true,false,true,false,false,2025-10-17,adyf744o09ijnximmf68b6gwk,f0ticxo5bjjif0gb54ewfdppm,21581,21581,Rouen,Paris 13 Atletico,P13,3,0,Played,W 3-0,2585335,ROU vs P13 (2025-10-17)
141,33u2ehjypfcu7w3s0pul7tmm7,3272,Concarneau,Concarneau,CON,Concarneau,,1qd0wvt30rlswa4g6nu4na660,National 1 (France),1095,"113,775","33,450","57,128","15,877",5468.6,1580.7,3592,4957,1189,352,81,3272,10,VFC vs CON,false,true,true,false,false,2025-10-17,ag269qlm2voph5wuswfksoglw,g8cvbv4wrvq7uf4347yjkd35,1996,1996,Concarneau,Valenciennes,VFC,2,1,Played,W 2-1,2585341,VFC vs CON (2025-10-17)
141,ab80vest6tgco121qtfyphq7c,1028,Caen,Caen,CAE,Caen,#000099,1qd0wvt30rlswa4g6nu4na660,National 1 (France),1085,"116,931","34,567","58,160","16,688",6297.3,1851.5,3598,4956,1226,410,87,1028,10,ORL vs CAE,false,true,false,false,true,2025-10-17,af1df8yazgbs7nkt1nv28m5n8,d79cmam5svw9j2mplbu9kut7p,6785,6785,Caen,Orléans,ORL,1,2,Played,L 1-2,2585338,ORL vs CAE (2025-10-17)
141,8ng94h4147jxd5oxgoaa95yl4,2541,Quevilly-Rouen Métropole,Quevilly-Rouen Métropole,QRM,QRM,#FFFF00,1qd0wvt30rlswa4g6nu4na660,National 1 (France),1033,"110,835","34,072","55,652","14,030",5687.5,1874.1,3662,4814,1046,360,94,2541,10,DIJ vs QRM,false,true,false,false,true,2025-10-17,ad9u9d05w5jr8i5pkvhhcakgk,79dc2mv3x269nhix3mkhc5wfu,2130,2130,Quevilly-Rouen Métropole,Dijon,DIJ,1,4,Played,L 1-4,2585333,DIJ vs QRM (2025-10-17)
141,1z48unyzdkaoulghr9kkgt1g0,12199,Fleury,Fleury,FLE,Fleury,,1qd0wvt30rlswa4g6nu4na660,National 1 (France),1033,"112,640","33,087","55,231","15,491",6266.2,2019.0,3453,4713,1151,399,103,12199,10,FLE vs VRS,true,false,false,true,false,2025-10-17,aeaxns9o12gxw21lm2ozg4mc4,dse1eu8y1o3t00rlbxpgo084c,5427,5427,Fleury,Versailles,VRS,0,0,Played,T 0-0,2585336,FLE vs VRS (2025-10-17)
141,bizl0ptma24fjoafuqclu8k5b,3312,Bourg-Péronnas,Bourg-Péronnas,BBP,Bourg-Péronnas,#0000ff,1qd0wvt30rlswa4g6nu4na660,National 1 (France),1106,"117,254","34,562","59,219","15,550",6132.7,2164.7,3596,4982,1121,384,110,3312,10,SBR vs BBP,false,true,true,false,false,2025-10-17,afpw6aqv1ur76uz5qe0ggxno4,rv0okxl2zv1ow3me605xl8b5,3271,3271,Bourg-Péronnas,Stade Briochin,SBR,2,1,Played,W 2-1,2585340,SBR vs BBP (2025-10-17)
141,dse1eu8y1o3t00rlbxpgo084c,5427,Versailles,Versailles,VRS,Versailles,,1qd0wvt30rlswa4g6nu4na660,National 1 (France),1033,"112,735","32,823","55,272","16,858",6426.7,2096.5,3385,4782,1234,419,106,5427,10,FLE vs VRS,false,true,false,true,false,2025-10-17,aeaxns9o12gxw21lm2ozg4mc4,1z48unyzdkaoulghr9kkgt1g0,12199,12199,Versailles,Fleury,FLE,0,0,Played,T 0-0,2585336,FLE vs VRS (2025-10-17)
157,67igj3fctu1kt6ntkrwpdt72i,921,Châteauroux,Châteauroux,CHA,Châteauroux,#0000FF,1qd0wvt30rlswa4g6nu4na660,National 1 (France),1043,"113,405","33,222","57,341","15,412",5575.7,1678.0,3551,4855,1114,348,80,921,11,CON vs CHA,false,true,false,true,false,2025-10-21,ah3hdy25l32p9m5zjfhctuyac,33u2ehjypfcu7w3s0pul7tmm7,3272,3272,Châteauroux,Concarneau,CON,0,0,Played,T 0-0,2585344,CON vs CHA (2025-10-21)
157,f0ticxo5bjjif0gb54ewfdppm,21581,Paris 13 Atletico,Paris 13 Atletico,P13,Paris 13,,1qd0wvt30rlswa4g6nu4na660,National 1 (France),1030,"114,459","33,383","57,178","15,783",6642.8,2589.0,3564,5032,1148,422,134,21581,11,P13 vs SBR,true,false,true,false,false,2025-10-21,ahsc0sfdsmh2krmfcve1wk7bo,rv0okxl2zv1ow3me605xl8b5,3271,3271,Paris 13 Atletico,Stade Briochin,SBR,3,0,Played,W 3-0,2585346,P13 vs SBR (2025-10-21)
157,7gytr31zcn0gcewa7pu1ed5hz,9600,Aubagne,Aubagne,AUB,Aubagne,,1qd0wvt30rlswa4g6nu4na660,National 1 (France),1070,"94,652","26,001","41,136","11,518",5415.2,1943.3,3387,4152,833,313,82,9600,11,AUB vs VFC,true,false,false,true,false,2025-10-21,agemx41rg752lcis2tiiyhjbo,g8cvbv4wrvq7uf4347yjkd35,1996,1996,Aubagne,Valenciennes,VFC,1,1,Played,T 1-1,2585342,AUB vs VFC (2025-10-21)
157,79dc2mv3x269nhix3mkhc5wfu,2130,Dijon,Dijon,DIJ,Dijon,#FFA500,1qd0wvt30rlswa4g6nu4na660,National 1 (France),1053,"113,526","33,961","55,592","16,624",6556.4,2057.6,3741,4988,1186,398,103,2130,11,VRS vs DIJ,false,true,true,false,false,2025-10-21,aiuayylgsjm7i6mrcq17mdw5w,dse1eu8y1o3t00rlbxpgo084c,5427,5427,Dijon,Versailles,VRS,2,0,Played,W 2-0,2585349,VRS vs DIJ (2025-10-21)
157,d79cmam5svw9j2mplbu9kut7p,6785,Orléans,Orléans,ORL,Orléans,#FFFF00,1qd0wvt30rlswa4g6nu4na660,National 1 (France),1084,"113,690","33,818","55,851","15,763",5713.5,1711.5,3577,4874,1186,370,86,6785,11,VIL vs ORL,false,true,true,false,false,2025-10-21,aj89fl3p68nhcspnt2nyj1jx0,36bxy6avfw3xp8ocj9frad4b7,3315,3315,Orléans,Villefranche,VIL,2,1,Played,W 2-1,2585350,VIL vs ORL (2025-10-21)
157,d9kwaceoj54pfprd6oc2hwae6,693,Sochaux,Sochaux,SOC,Sochaux,#FFFF00,1qd0wvt30rlswa4g6nu4na660,National 1 (France),1066,"113,310","34,452","58,633","14,916",5462.0,1608.7,3720,5023,1104,343,84,693,11,QRM vs SOC,false,true,false,true,false,2025-10-21,aihvg2gks6t26dx54t3x1982c,8ng94h4147jxd5oxgoaa95yl4,2541,2541,Sochaux,Quevilly-Rouen Métropole,QRM,1,1,Played,T 1-1,2585348,QRM vs SOC (2025-10-21)
157,36bxy6avfw3xp8ocj9frad4b7,3315,Villefranche,Villefranche,VIL,Villefranche,,1qd0wvt30rlswa4g6nu4na660,National 1 (France),1060,"113,290","32,699","56,123","15,971",6402.6,1798.2,3554,4969,1196,399,97,3315,11,VIL vs ORL,true,false,false,false,true,2025-10-21,aj89fl3p68nhcspnt2nyj1jx0,d79cmam5svw9j2mplbu9kut7p,6785,6785,Villefranche,Orléans,ORL,1,2,Played,L 1-2,2585350,VIL vs ORL (2025-10-21)
157,rv0okxl2zv1ow3me605xl8b5,3271,Stade Briochin,Stade Briochin,SBR,Stade Briochin,,1qd0wvt30rlswa4g6nu4na660,National 1 (France),1030,"114,807","32,985","57,370","15,730",6408.8,2863.1,3629,4937,1142,396,141,3271,11,P13 vs SBR,false,true,false,false,true,2025-10-21,ahsc0sfdsmh2krmfcve1wk7bo,f0ticxo5bjjif0gb54ewfdppm,21581,21581,Stade Briochin,Paris 13 Atletico,P13,0,3,Played,L 0-3,2585346,P13 vs SBR (2025-10-21)
157,g8cvbv4wrvq7uf4347yjkd35,1996,Valenciennes,Valenciennes,VFC,Valenciennes,#FF0000,1qd0wvt30rlswa4g6nu4na660,National 1 (France),1070,"90,850","26,938","36,010","11,726",4971.9,2311.8,3325,4308,778,297,104,1996,11,AUB vs VFC,false,true,false,true,false,2025-10-21,agemx41rg752lcis2tiiyhjbo,7gytr31zcn0gcewa7pu1ed5hz,9600,9600,Valenciennes,Aubagne,AUB,1,1,Played,T 1-1,2585342,AUB vs VFC (2025-10-21)
157,b97a5km6rb42fv858volubsi6,2340,Rouen,Rouen,ROU,Rouen,,1qd0wvt30rlswa4g6nu4na660,National 1 (France),1039,"109,286","32,543","54,369","15,235",5308.7,1471.0,3458,4800,1096,339,71,2340,11,CAE vs ROU,false,true,false,true,false,2025-10-21,ai55czj730i67mfdo0qyw0c9g,ab80vest6tgco121qtfyphq7c,1028,1028,Rouen,Caen,CAE,1,1,Played,T 1-1,2585347,CAE vs ROU (2025-10-21)
157,33u2ehjypfcu7w3s0pul7tmm7,3272,Concarneau,Concarneau,CON,Concarneau,,1qd0wvt30rlswa4g6nu4na660,National 1 (France),1043,"109,219","33,920","55,655","13,592",5068.3,1652.0,3602,4749,1016,311,82,3272,11,CON vs CHA,true,false,false,true,false,2025-10-21,ah3hdy25l32p9m5zjfhctuyac,67igj3fctu1kt6ntkrwpdt72i,921,921,Concarneau,Châteauroux,CHA,0,0,Played,T 0-0,2585344,CON vs CHA (2025-10-21)
157,ab80vest6tgco121qtfyphq7c,1028,Caen,Caen,CAE,Caen,#000099,1qd0wvt30rlswa4g6nu4na660,National 1 (France),1073,"112,367","34,032","55,118","15,667",6142.7,1518.0,3502,4796,1146,377,77,1028,11,CAE vs ROU,true,false,false,true,false,2025-10-21,ai55czj730i67mfdo0qyw0c9g,b97a5km6rb42fv858volubsi6,2340,2340,Caen,Rouen,ROU,1,1,Played,T 1-1,2585347,CAE vs ROU (2025-10-21)
157,8ng94h4147jxd5oxgoaa95yl4,2541,Quevilly-Rouen Métropole,Quevilly-Rouen Métropole,QRM,QRM,#FFFF00,1qd0wvt30rlswa4g6nu4na660,National 1 (France),1066,"112,701","34,572","58,931","13,895",4674.6,1379.6,3753,5033,1051,309,67,2541,11,QRM vs SOC,true,false,false,true,false,2025-10-21,aihvg2gks6t26dx54t3x1982c,d9kwaceoj54pfprd6oc2hwae6,693,693,Quevilly-Rouen Métropole,Sochaux,SOC,1,1,Played,T 1-1,2585348,QRM vs SOC (2025-10-21)
157,1z48unyzdkaoulghr9kkgt1g0,12199,Fleury,Fleury,FLE,Fleury,,1qd0wvt30rlswa4g6nu4na660,National 1 (France),1106,"111,492","35,515","52,599","14,336",5752.3,2043.9,3444,4424,1053,364,104,12199,11,BBP vs FLE,false,true,false,true,false,2025-10-21,ahft4hf4c6qtgxx4s4bhzo4yc,bizl0ptma24fjoafuqclu8k5b,3312,3312,Fleury,Bourg-Péronnas,BBP,2,2,Played,T 2-2,2585345,BBP vs FLE (2025-10-21)
157,bizl0ptma24fjoafuqclu8k5b,3312,Bourg-Péronnas,Bourg-Péronnas,BBP,Bourg-Péronnas,#0000ff,1qd0wvt30rlswa4g6nu4na660,National 1 (France),1106,"112,120","34,013","54,274","14,732",6042.3,2542.4,3391,4549,1062,379,125,3312,11,BBP vs FLE,true,false,false,true,false,2025-10-21,ahft4hf4c6qtgxx4s4bhzo4yc,1z48unyzdkaoulghr9kkgt1g0,12199,12199,Bourg-Péronnas,Fleury,FLE,2,2,Played,T 2-2,2585345,BBP vs FLE (2025-10-21)
157,dse1eu8y1o3t00rlbxpgo084c,5427,Versailles,Versailles,VRS,Versailles,,1qd0wvt30rlswa4g6nu4na660,National 1 (France),1053,"114,603","32,852","57,996","15,861",6022.4,2011.3,3726,5138,1152,379,105,5427,11,VRS vs DIJ,true,false,false,false,true,2025-10-21,aiuayylgsjm7i6mrcq17mdw5w,79dc2mv3x269nhix3mkhc5wfu,2130,2130,Versailles,Dijon,DIJ,0,2,Played,L 0-2,2585349,VRS vs DIJ (2025-10-21)
173,67igj3fctu1kt6ntkrwpdt72i,921,Châteauroux,Châteauroux,CHA,Châteauroux,#0000FF,1qd0wvt30rlswa4g6nu4na660,National 1 (France),1060,"113,233","32,635","56,499","16,516",6246.7,1782.5,3450,4828,1178,389,93,921,12,CHA vs AUB,true,false,false,false,true,2025-10-31,ajwt7hu8sba0ztx0ij8lop91w,7gytr31zcn0gcewa7pu1ed5hz,9600,9600,Châteauroux,Aubagne,AUB,0,3,Played,L 0-3,2585352,CHA vs AUB (2025-10-31)
173,f0ticxo5bjjif0gb54ewfdppm,21581,Paris 13 Atletico,Paris 13 Atletico,P13,Paris 13,,1qd0wvt30rlswa4g6nu4na660,National 1 (France),1066,"115,516","33,276","56,243","16,411",6553.1,2097.2,3667,5017,1188,416,116,21581,12,P13 vs BBP,true,false,true,false,false,2025-10-31,alagfg9d24h3984zsa2tfbfh0,bizl0ptma24fjoafuqclu8k5b,3312,3312,Paris 13 Atletico,Bourg-Péronnas,BBP,2,1,Played,W 2-1,2585356,P13 vs BBP (2025-10-31)
173,7gytr31zcn0gcewa7pu1ed5hz,9600,Aubagne,Aubagne,AUB,Aubagne,,1qd0wvt30rlswa4g6nu4na660,National 1 (France),1060,"110,724","33,278","54,353","15,504",5496.7,2086.6,3456,4703,1119,348,104,9600,12,CHA vs AUB,false,true,true,false,false,2025-10-31,ajwt7hu8sba0ztx0ij8lop91w,67igj3fctu1kt6ntkrwpdt72i,921,921,Aubagne,Châteauroux,CHA,3,0,Played,W 3-0,2585352,CHA vs AUB (2025-10-31)
173,79dc2mv3x269nhix3mkhc5wfu,2130,Dijon,Dijon,DIJ,Dijon,#FFA500,1qd0wvt30rlswa4g6nu4na660,National 1 (France),1045,"108,880","34,164","54,472","14,898",5350.9,1305.7,3547,4715,1055,349,64,2130,12,DIJ vs FLE,true,false,false,false,true,2025-10-31,ajkggklsmfnhirks7x6hxx0k4,1z48unyzdkaoulghr9kkgt1g0,12199,12199,Dijon,Fleury,FLE,0,1,Played,L 0-1,2585351,DIJ vs FLE (2025-10-31)
173,d9kwaceoj54pfprd6oc2hwae6,693,Sochaux,Sochaux,SOC,Sochaux,#FFFF00,1qd0wvt30rlswa4g6nu4na660,National 1 (France),1060,"113,730","34,217","56,001","15,272",6068.6,2102.7,3539,4792,1119,364,99,693,12,SOC vs VRS,true,false,true,false,false,2025-10-31,almtuux90p6r2s8tnuryxibys,dse1eu8y1o3t00rlbxpgo084c,5427,5427,Sochaux,Versailles,VRS,2,0,Played,W 2-0,2585357,SOC vs VRS (2025-10-31)
173,9ri5xhi5qaozcqb7svbvcc4eu,14035,Le Puy Foot,Le Puy Foot,PUY,Le Puy,,1qd0wvt30rlswa4g6nu4na660,National 1 (France),1066,"108,467","34,094","53,377","13,620",5252.1,1550.0,3531,4648,1029,323,75,14035,12,PUY vs CON,true,false,false,true,false,2025-10-31,aklnc4iug3l7cx6u8lb4hq3o4,33u2ehjypfcu7w3s0pul7tmm7,3272,3272,Le Puy Foot,Concarneau,CON,1,1,Played,T 1-1,2585354,PUY vs CON (2025-10-31)
173,rv0okxl2zv1ow3me605xl8b5,3271,Stade Briochin,Stade Briochin,SBR,Stade Briochin,,1qd0wvt30rlswa4g6nu4na660,National 1 (France),1065,"107,403","34,226","54,550","12,668",4186.1,1466.7,3624,4654,950,268,81,3271,12,SBR vs CAE,true,false,false,true,false,2025-10-31,alznegj05me5xntif3cwr3x90,ab80vest6tgco121qtfyphq7c,1028,1028,Stade Briochin,Caen,CAE,1,1,Played,T 1-1,2585358,SBR vs CAE (2025-10-31)
173,g8cvbv4wrvq7uf4347yjkd35,1996,Valenciennes,Valenciennes,VFC,Valenciennes,#FF0000,1qd0wvt30rlswa4g6nu4na660,National 1 (France),1049,"119,314","32,384","59,263","18,802",7321.0,1759.3,3746,5433,1380,456,96,1996,12,VFC vs QRM,true,false,true,false,false,2025-10-31,amc2njr105sxhuykjoq1dzl04,8ng94h4147jxd5oxgoaa95yl4,2541,2541,Valenciennes,Quevilly-Rouen Métropole,QRM,2,0,Played,W 2-0,2585359,VFC vs QRM (2025-10-31)
173,33u2ehjypfcu7w3s0pul7tmm7,3272,Concarneau,Concarneau,CON,Concarneau,,1qd0wvt30rlswa4g6nu4na660,National 1 (France),1101,"111,883","35,299","55,287","13,555",4891.8,1390.6,3691,4925,1010,305,76,3272,12,PUY vs CON,false,true,false,true,false,2025-10-31,aklnc4iug3l7cx6u8lb4hq3o4,9ri5xhi5qaozcqb7svbvcc4eu,14035,14035,Concarneau,Le Puy Foot,PUY,1,1,Played,T 1-1,2585354,PUY vs CON (2025-10-31)
173,ab80vest6tgco121qtfyphq7c,1028,Caen,Caen,CAE,Caen,#000099,1qd0wvt30rlswa4g6nu4na660,National 1 (France),1075,"106,923","35,289","52,501","12,575",4954.9,1767.9,3512,4550,917,306,83,1028,12,SBR vs CAE,false,true,false,true,false,2025-10-31,alznegj05me5xntif3cwr3x90,rv0okxl2zv1ow3me605xl8b5,3271,3271,Caen,Stade Briochin,SBR,1,1,Played,T 1-1,2585358,SBR vs CAE (2025-10-31)
173,8ng94h4147jxd5oxgoaa95yl4,2541,Quevilly-Rouen Métropole,Quevilly-Rouen Métropole,QRM,QRM,#FFFF00,1qd0wvt30rlswa4g6nu4na660,National 1 (France),982,"114,462","29,815","59,729","17,782",6605.0,1742.6,3603,5239,1305,418,87,2541,12,VFC vs QRM,false,true,false,false,true,2025-10-31,amc2njr105sxhuykjoq1dzl04,g8cvbv4wrvq7uf4347yjkd35,1996,1996,Quevilly-Rouen Métropole,Valenciennes,VFC,0,2,Played,L 0-2,2585359,VFC vs QRM (2025-10-31)
173,1z48unyzdkaoulghr9kkgt1g0,12199,Fleury,Fleury,FLE,Fleury,,1qd0wvt30rlswa4g6nu4na660,National 1 (France),1009,"105,820","31,256","55,254","13,479",4642.8,1374.3,3522,4657,1002,288,71,12199,12,DIJ vs FLE,false,true,true,false,false,2025-10-31,ajkggklsmfnhirks7x6hxx0k4,79dc2mv3x269nhix3mkhc5wfu,2130,2130,Fleury,Dijon,DIJ,1,0,Played,W 1-0,2585351,DIJ vs FLE (2025-10-31)
173,bizl0ptma24fjoafuqclu8k5b,3312,Bourg-Péronnas,Bourg-Péronnas,BBP,Bourg-Péronnas,#0000ff,1qd0wvt30rlswa4g6nu4na660,National 1 (France),1066,"116,246","32,869","57,032","17,278",6820.9,2334.4,3591,4983,1238,445,122,3312,12,P13 vs BBP,false,true,false,false,true,2025-10-31,alagfg9d24h3984zsa2tfbfh0,f0ticxo5bjjif0gb54ewfdppm,21581,21581,Bourg-Péronnas,Paris 13 Atletico,P13,1,2,Played,L 1-2,2585356,P13 vs BBP (2025-10-31)
173,dse1eu8y1o3t00rlbxpgo084c,5427,Versailles,Versailles,VRS,Versailles,,1qd0wvt30rlswa4g6nu4na660,National 1 (France),1060,"118,516","33,237","59,298","16,827",6546.0,2612.2,3437,4903,1237,411,121,5427,12,SOC vs VRS,false,true,false,false,true,2025-10-31,almtuux90p6r2s8tnuryxibys,d9kwaceoj54pfprd6oc2hwae6,693,693,Versailles,Sochaux,SOC,0,2,Played,L 0-2,2585357,SOC vs VRS (2025-10-31)
187,36bxy6avfw3xp8ocj9frad4b7,3315,Villefranche,Villefranche,VIL,Villefranche,,1qd0wvt30rlswa4g6nu4na660,National 1 (France),1114,"109,084","34,236","52,695","14,798",5501.8,1858.0,3260,4548,1069,346,87,3315,12,ROU vs VIL,false,true,false,false,true,2025-11-01,ak96r947celykykdd3o46xz4k,b97a5km6rb42fv858volubsi6,2340,2340,Villefranche,Rouen,ROU,1,2,Played,L 1-2,2585353,ROU vs VIL (2025-11-01)
187,b97a5km6rb42fv858volubsi6,2340,Rouen,Rouen,ROU,Rouen,,1qd0wvt30rlswa4g6nu4na660,National 1 (France),1114,"108,418","34,547","51,133","14,870",5346.6,1845.1,3257,4419,1057,327,88,2340,12,ROU vs VIL,true,false,true,false,false,2025-11-01,ak96r947celykykdd3o46xz4k,36bxy6avfw3xp8ocj9frad4b7,3315,3315,Rouen,Villefranche,VIL,2,1,Played,W 2-1,2585353,ROU vs VIL (2025-11-01)
189,67igj3fctu1kt6ntkrwpdt72i,921,Châteauroux,Châteauroux,CHA,Châteauroux,#0000FF,1qd0wvt30rlswa4g6nu4na660,National 1 (France),1070,"104,100","34,754","51,104","12,854",4476.0,1359.6,3364,4386,947,291,74,921,13,QRM vs CHA,false,true,true,false,false,2025-11-07,aot4dhwyyeslyv6s2qaydm1hw,8ng94h4147jxd5oxgoaa95yl4,2541,2541,Châteauroux,Quevilly-Rouen Métropole,QRM,3,0,Played,W 3-0,2585366,QRM vs CHA (2025-11-07)
189,f0ticxo5bjjif0gb54ewfdppm,21581,Paris 13 Atletico,Paris 13 Atletico,P13,Paris 13,,1qd0wvt30rlswa4g6nu4na660,National 1 (France),1092,"114,796","33,602","58,292","15,864",5113.5,1412.1,3577,4862,1164,329,77,21581,13,CAE vs P13,false,true,false,true,false,2025-11-07,aogv305obv0ymitqn1hq4d1qs,ab80vest6tgco121qtfyphq7c,1028,1028,Paris 13 Atletico,Caen,CAE,0,0,Played,T 0-0,2585365,CAE vs P13 (2025-11-07)
189,7gytr31zcn0gcewa7pu1ed5hz,9600,Aubagne,Aubagne,AUB,Aubagne,,1qd0wvt30rlswa4g6nu4na660,National 1 (France),1114,0.0,0.0,0.0,0.0,0.0,0.0,0,0,0,0,0,9600,13,AUB vs PUY,true,false,false,false,true,2025-11-07,amoij00l3af26egi89g3sqoes,9ri5xhi5qaozcqb7svbvcc4eu,14035,14035,Aubagne,Le Puy Foot,PUY,1,4,Played,L 1-4,2585360,AUB vs PUY (2025-11-07)
189,79dc2mv3x269nhix3mkhc5wfu,2130,Dijon,Dijon,DIJ,Dijon,#FFA500,1qd0wvt30rlswa4g6nu4na660,National 1 (France),1063,"111,830","33,841","54,949","15,427",6150.8,1753.5,3493,4855,1109,380,90,2130,13,BBP vs DIJ,false,true,true,false,false,2025-11-07,anrggql88jj17wx8co2nugx78,bizl0ptma24fjoafuqclu8k5b,3312,3312,Dijon,Bourg-Péronnas,BBP,2,1,Played,W 2-1,2585363,BBP vs DIJ (2025-11-07)
189,d79cmam5svw9j2mplbu9kut7p,6785,Orléans,Orléans,ORL,Orléans,#FFFF00,1qd0wvt30rlswa4g6nu4na660,National 1 (France),1053,"110,024","35,065","55,158","14,632",5523.6,1528.0,3479,4677,1080,350,81,6785,13,CON vs ORL,false,true,false,false,true,2025-11-07,andcuz9zuyh63vn0xw5kxfaxg,33u2ehjypfcu7w3s0pul7tmm7,3272,3272,Orléans,Concarneau,CON,0,3,Played,L 0-3,2585362,CON vs ORL (2025-11-07)
189,d9kwaceoj54pfprd6oc2hwae6,693,Sochaux,Sochaux,SOC,Sochaux,#FFFF00,1qd0wvt30rlswa4g6nu4na660,National 1 (France),1053,"111,149","33,752","54,136","15,525",5961.4,2062.6,3365,4663,1132,362,95,693,13,FLE vs SOC,false,true,false,true,false,2025-11-07,ao44ry8y7vnprmp55zo0bq4us,1z48unyzdkaoulghr9kkgt1g0,12199,12199,Sochaux,Fleury,FLE,0,0,Played,T 0-0,2585364,FLE vs SOC (2025-11-07)
189,9ri5xhi5qaozcqb7svbvcc4eu,14035,Le Puy Foot,Le Puy Foot,PUY,Le Puy,,1qd0wvt30rlswa4g6nu4na660,National 1 (France),1117,0.0,0.0,0.0,0.0,0.0,0.0,0,0,0,0,0,14035,13,AUB vs PUY,false,true,true,false,false,2025-11-07,amoij00l3af26egi89g3sqoes,7gytr31zcn0gcewa7pu1ed5hz,9600,9600,Le Puy Foot,Aubagne,AUB,4,1,Played,W 4-1,2585360,AUB vs PUY (2025-11-07)
189,36bxy6avfw3xp8ocj9frad4b7,3315,Villefranche,Villefranche,VIL,Villefranche,,1qd0wvt30rlswa4g6nu4na660,National 1 (France),1083,"112,507","32,594","52,798","16,794",6892.3,2278.3,3271,4666,1207,438,112,3315,13,VIL vs SBR,true,false,true,false,false,2025-11-07,api08a7c4905821plwci4uvbo,rv0okxl2zv1ow3me605xl8b5,3271,3271,Villefranche,Stade Briochin,SBR,3,1,Played,W 3-1,2585368,VIL vs SBR (2025-11-07)
189,rv0okxl2zv1ow3me605xl8b5,3271,Stade Briochin,Stade Briochin,SBR,Stade Briochin,,1qd0wvt30rlswa4g6nu4na660,National 1 (France),1083,"112,954","31,864","53,561","17,083",6841.5,2122.8,3292,4692,1226,415,109,3271,13,VIL vs SBR,false,true,false,false,true,2025-11-07,api08a7c4905821plwci4uvbo,36bxy6avfw3xp8ocj9frad4b7,3315,3315,Stade Briochin,Villefranche,VIL,1,3,Played,L 1-3,2585368,VIL vs SBR (2025-11-07)
189,g8cvbv4wrvq7uf4347yjkd35,1996,Valenciennes,Valenciennes,VFC,Valenciennes,#FF0000,1qd0wvt30rlswa4g6nu4na660,National 1 (France),1055,"108,104","34,687","50,874","14,304",5859.8,2063.4,3705,4912,1059,356,109,1996,13,VRS vs VFC,false,true,false,true,false,2025-11-07,ap5mkzjn4bo1r4vbzr3cw1fro,dse1eu8y1o3t00rlbxpgo084c,5427,5427,Valenciennes,Versailles,VRS,1,1,Played,T 1-1,2585367,VRS vs VFC (2025-11-07)
189,33u2ehjypfcu7w3s0pul7tmm7,3272,Concarneau,Concarneau,CON,Concarneau,,1qd0wvt30rlswa4g6nu4na660,National 1 (France),1053,"112,059","33,988","55,140","14,534",5418.6,1532.2,3570,4825,1090,336,76,3272,13,CON vs ORL,true,false,true,false,false,2025-11-07,andcuz9zuyh63vn0xw5kxfaxg,d79cmam5svw9j2mplbu9kut7p,6785,6785,Concarneau,Orléans,ORL,3,0,Played,W 3-0,2585362,CON vs ORL (2025-11-07)
189,ab80vest6tgco121qtfyphq7c,1028,Caen,Caen,CAE,Caen,#000099,1qd0wvt30rlswa4g6nu4na660,National 1 (France),1092,"115,149","33,541","58,547","14,923",5781.3,1866.3,3598,4882,1094,361,93,1028,13,CAE vs P13,true,false,false,true,false,2025-11-07,aogv305obv0ymitqn1hq4d1qs,f0ticxo5bjjif0gb54ewfdppm,21581,21581,Caen,Paris 13 Atletico,P13,0,0,Played,T 0-0,2585365,CAE vs P13 (2025-11-07)
189,8ng94h4147jxd5oxgoaa95yl4,2541,Quevilly-Rouen Métropole,Quevilly-Rouen Métropole,QRM,QRM,#FFFF00,1qd0wvt30rlswa4g6nu4na660,National 1 (France),1070,"105,216","34,583","50,404","13,270",5144.1,1505.7,3360,4443,974,325,79,2541,13,QRM vs CHA,true,false,false,false,true,2025-11-07,aot4dhwyyeslyv6s2qaydm1hw,67igj3fctu1kt6ntkrwpdt72i,921,921,Quevilly-Rouen Métropole,Châteauroux,CHA,0,3,Played,L 0-3,2585366,QRM vs CHA (2025-11-07)
189,1z48unyzdkaoulghr9kkgt1g0,12199,Fleury,Fleury,FLE,Fleury,,1qd0wvt30rlswa4g6nu4na660,National 1 (France),1053,"111,154","34,005","54,269","14,951",6042.3,1933.6,3322,4547,1108,378,99,12199,13,FLE vs SOC,true,false,false,true,false,2025-11-07,ao44ry8y7vnprmp55zo0bq4us,d9kwaceoj54pfprd6oc2hwae6,693,693,Fleury,Sochaux,SOC,0,0,Played,T 0-0,2585364,FLE vs SOC (2025-11-07)
189,bizl0ptma24fjoafuqclu8k5b,3312,Bourg-Péronnas,Bourg-Péronnas,BBP,Bourg-Péronnas,#0000ff,1qd0wvt30rlswa4g6nu4na660,National 1 (France),1071,"114,657","33,646","57,844","15,238",5837.1,2051.8,3561,4942,1120,363,99,3312,13,BBP vs DIJ,true,false,false,false,true,2025-11-07,anrggql88jj17wx8co2nugx78,79dc2mv3x269nhix3mkhc5wfu,2130,2130,Bourg-Péronnas,Dijon,DIJ,1,2,Played,L 1-2,2585363,BBP vs DIJ (2025-11-07)
189,dse1eu8y1o3t00rlbxpgo084c,5427,Versailles,Versailles,VRS,Versailles,,1qd0wvt30rlswa4g6nu4na660,National 1 (France),1055,"110,419","33,266","54,969","14,801",5932.6,2287.8,3696,4905,1083,361,111,5427,13,VRS vs VFC,true,false,false,true,false,2025-11-07,ap5mkzjn4bo1r4vbzr3cw1fro,g8cvbv4wrvq7uf4347yjkd35,1996,1996,Versailles,Valenciennes,VFC,1,1,Played,T 1-1,2585367,VRS vs VFC (2025-11-07)
205,67igj3fctu1kt6ntkrwpdt72i,921,Châteauroux,Châteauroux,CHA,Châteauroux,#0000FF,1qd0wvt30rlswa4g6nu4na660,National 1 (France),1063,"113,826","31,867","55,236","17,595",6473.1,1956.6,3269,4732,1236,407,99,921,14,CHA vs VRS,true,false,false,false,true,2025-11-21,apu9ka5oixxtzfms7podbysyc,dse1eu8y1o3t00rlbxpgo084c,5427,5427,Châteauroux,Versailles,VRS,1,3,Played,L 1-3,2585369,CHA vs VRS (2025-11-21)
205,f0ticxo5bjjif0gb54ewfdppm,21581,Paris 13 Atletico,Paris 13 Atletico,P13,Paris 13,,1qd0wvt30rlswa4g6nu4na660,National 1 (France),1052,"116,468","32,988","56,470","17,130",7394.9,2863.6,3417,4895,1237,454,136,21581,14,P13 vs VIL,true,false,true,false,false,2025-11-21,ar85e6ik1hlqr1lzo97mfzwgk,36bxy6avfw3xp8ocj9frad4b7,3315,3315,Paris 13 Atletico,Villefranche,VIL,1,0,Played,W 1-0,2585373,P13 vs VIL (2025-11-21)
205,7gytr31zcn0gcewa7pu1ed5hz,9600,Aubagne,Aubagne,AUB,Aubagne,,1qd0wvt30rlswa4g6nu4na660,National 1 (France),1086,"118,091","34,108","59,762","15,971",5788.2,1648.5,3746,5084,1174,367,89,9600,14,ORL vs AUB,false,true,true,false,false,2025-11-21,aqvngmpf5hzzmrxbkrh8b2p04,d79cmam5svw9j2mplbu9kut7p,6785,6785,Aubagne,Orléans,ORL,4,2,Played,W 4-2,2585372,ORL vs AUB (2025-11-21)
205,79dc2mv3x269nhix3mkhc5wfu,2130,Dijon,Dijon,DIJ,Dijon,#FFA500,1qd0wvt30rlswa4g6nu4na660,National 1 (France),1046,"114,235","33,288","55,473","16,703",6483.8,2040.0,3369,4787,1197,391,101,2130,14,SOC vs DIJ,false,true,true,false,false,2025-11-21,arwpg8yuf1t778su758wb6gwk,d9kwaceoj54pfprd6oc2hwae6,693,693,Dijon,Sochaux,SOC,1,0,Played,W 1-0,2585375,SOC vs DIJ (2025-11-21)
205,d79cmam5svw9j2mplbu9kut7p,6785,Orléans,Orléans,ORL,Orléans,#FFFF00,1qd0wvt30rlswa4g6nu4na660,National 1 (France),1086,"116,428","35,199","58,974","15,804",5978.0,1600.7,3664,4942,1142,382,84,6785,14,ORL vs AUB,true,false,false,false,true,2025-11-21,aqvngmpf5hzzmrxbkrh8b2p04,7gytr31zcn0gcewa7pu1ed5hz,9600,9600,Orléans,Aubagne,AUB,2,4,Played,L 2-4,2585372,ORL vs AUB (2025-11-21)
205,d9kwaceoj54pfprd6oc2hwae6,693,Sochaux,Sochaux,SOC,Sochaux,#FFFF00,1qd0wvt30rlswa4g6nu4na660,National 1 (France),1046,"115,502","33,166","57,763","16,377",6129.3,2000.3,3430,4873,1185,371,101,693,14,SOC vs DIJ,true,false,false,false,true,2025-11-21,arwpg8yuf1t778su758wb6gwk,79dc2mv3x269nhix3mkhc5wfu,2130,2130,Sochaux,Dijon,DIJ,0,1,Played,L 0-1,2585375,SOC vs DIJ (2025-11-21)
205,9ri5xhi5qaozcqb7svbvcc4eu,14035,Le Puy Foot,Le Puy Foot,PUY,Le Puy,,1qd0wvt30rlswa4g6nu4na660,National 1 (France),1072,"111,957","34,364","56,388","14,685",5907.2,1735.4,3581,4840,1076,374,88,14035,14,PUY vs QRM,true,false,true,false,false,2025-11-21,aqjcfbnqk7eayu0cc9h43jok4,8ng94h4147jxd5oxgoaa95yl4,2541,2541,Le Puy Foot,Quevilly-Rouen Métropole,QRM,2,1,Played,W 2-1,2585371,PUY vs QRM (2025-11-21)
205,36bxy6avfw3xp8ocj9frad4b7,3315,Villefranche,Villefranche,VIL,Villefranche,,1qd0wvt30rlswa4g6nu4na660,National 1 (France),1052,"117,348","32,981","55,905","17,696",7960.6,3100.9,3374,4917,1253,481,153,3315,14,P13 vs VIL,false,true,false,false,true,2025-11-21,ar85e6ik1hlqr1lzo97mfzwgk,f0ticxo5bjjif0gb54ewfdppm,21581,21581,Villefranche,Paris 13 Atletico,P13,0,1,Played,L 0-1,2585373,P13 vs VIL (2025-11-21)
205,g8cvbv4wrvq7uf4347yjkd35,1996,Valenciennes,Valenciennes,VFC,Valenciennes,#FF0000,1qd0wvt30rlswa4g6nu4na660,National 1 (France),1068,"124,494","32,651","61,497","19,488",7833.5,2441.9,3718,5422,1410,519,117,1996,14,VFC vs FLE,true,false,false,false,true,2025-11-21,asn0te4o5zq4xz7ryhbqm4p3o,1z48unyzdkaoulghr9kkgt1g0,12199,12199,Valenciennes,Fleury,FLE,0,2,Played,L 0-2,2585377,VFC vs FLE (2025-11-21)
205,b97a5km6rb42fv858volubsi6,2340,Rouen,Rouen,ROU,Rouen,,1qd0wvt30rlswa4g6nu4na660,National 1 (France),1057,"109,611","33,663","56,462","14,375",5015.0,1387.9,3593,4816,1053,316,74,2340,14,ROU vs CON,true,false,false,true,false,2025-11-21,aq6tpi2tbbdhvzc735jpqcljo,33u2ehjypfcu7w3s0pul7tmm7,3272,3272,Rouen,Concarneau,CON,0,0,Played,T 0-0,2585370,ROU vs CON (2025-11-21)
205,33u2ehjypfcu7w3s0pul7tmm7,3272,Concarneau,Concarneau,CON,Concarneau,,1qd0wvt30rlswa4g6nu4na660,National 1 (France),1030,"106,988","33,697","53,825","13,841",4811.0,1253.0,3594,4801,1046,303,60,3272,14,ROU vs CON,false,true,false,true,false,2025-11-21,aq6tpi2tbbdhvzc735jpqcljo,b97a5km6rb42fv858volubsi6,2340,2340,Concarneau,Rouen,ROU,0,0,Played,T 0-0,2585370,ROU vs CON (2025-11-21)
205,ab80vest6tgco121qtfyphq7c,1028,Caen,Caen,CAE,Caen,#000099,1qd0wvt30rlswa4g6nu4na660,National 1 (France),1048,"120,619","30,847","61,550","18,852",6546.5,1783.1,3584,5305,1395,417,90,1028,14,CAE vs BBP,true,false,true,false,false,2025-11-21,arkf9bft5vp765npnqivhao7o,bizl0ptma24fjoafuqclu8k5b,3312,3312,Caen,Bourg-Péronnas,BBP,1,0,Played,W 1-0,2585374,CAE vs BBP (2025-11-21)
205,8ng94h4147jxd5oxgoaa95yl4,2541,Quevilly-Rouen Métropole,Quevilly-Rouen Métropole,QRM,QRM,#FFFF00,1qd0wvt30rlswa4g6nu4na660,National 1 (France),1072,"112,511","33,398","59,529","13,547",5010.9,1412.4,3733,5011,1017,312,70,2541,14,PUY vs QRM,false,true,false,false,true,2025-11-21,aqjcfbnqk7eayu0cc9h43jok4,9ri5xhi5qaozcqb7svbvcc4eu,14035,14035,Quevilly-Rouen Métropole,Le Puy Foot,PUY,1,2,Played,L 1-2,2585371,PUY vs QRM (2025-11-21)
205,1z48unyzdkaoulghr9kkgt1g0,12199,Fleury,Fleury,FLE,Fleury,,1qd0wvt30rlswa4g6nu4na660,National 1 (France),1068,"124,725","31,621","63,239","19,736",7372.8,2107.8,3749,5516,1458,478,105,12199,14,VFC vs FLE,false,true,true,false,false,2025-11-21,asn0te4o5zq4xz7ryhbqm4p3o,g8cvbv4wrvq7uf4347yjkd35,1996,1996,Fleury,Valenciennes,VFC,2,0,Played,W 2-0,2585377,VFC vs FLE (2025-11-21)
205,bizl0ptma24fjoafuqclu8k5b,3312,Bourg-Péronnas,Bourg-Péronnas,BBP,Bourg-Péronnas,#0000ff,1qd0wvt30rlswa4g6nu4na660,National 1 (France),1048,"122,377","31,030","62,514","19,895",7041.7,1787.0,3551,5230,1453,439,82,3312,14,CAE vs BBP,false,true,false,false,true,2025-11-21,arkf9bft5vp765npnqivhao7o,ab80vest6tgco121qtfyphq7c,1028,1028,Bourg-Péronnas,Caen,CAE,0,1,Played,L 0-1,2585374,CAE vs BBP (2025-11-21)
205,dse1eu8y1o3t00rlbxpgo084c,5427,Versailles,Versailles,VRS,Versailles,,1qd0wvt30rlswa4g6nu4na660,National 1 (France),1078,"114,362","32,722","56,882","16,963",6166.2,2004.8,3406,4857,1240,393,98,5427,14,CHA vs VRS,false,true,true,false,false,2025-11-21,apu9ka5oixxtzfms7podbysyc,67igj3fctu1kt6ntkrwpdt72i,921,921,Versailles,Châteauroux,CHA,3,1,Played,W 3-1,2585369,CHA vs VRS (2025-11-21)
221,67igj3fctu1kt6ntkrwpdt72i,921,Châteauroux,Châteauroux,CHA,Châteauroux,#0000FF,1qd0wvt30rlswa4g6nu4na660,National 1 (France),1043,0.0,0.0,0.0,0.0,0.0,0.0,0,0,0,0,0,921,15,FLE vs CHA,false,true,false,true,false,2025-12-05,aupf7bfrlx8ikuec13y6ztk44,1z48unyzdkaoulghr9kkgt1g0,12199,12199,Châteauroux,Fleury,FLE,0,0,Played,T 0-0,2585383,FLE vs CHA (2025-12-05)
221,7gytr31zcn0gcewa7pu1ed5hz,9600,Aubagne,Aubagne,AUB,Aubagne,,1qd0wvt30rlswa4g6nu4na660,National 1 (France),1073,0.0,0.0,0.0,0.0,0.0,0.0,0,0,0,0,0,9600,15,AUB vs ROU,true,false,false,true,false,2025-12-05,aszi1p75u921hlzdq43f8nswk,b97a5km6rb42fv858volubsi6,2340,2340,Aubagne,Rouen,ROU,1,1,Played,T 1-1,2585378,AUB vs ROU (2025-12-05)
221,79dc2mv3x269nhix3mkhc5wfu,2130,Dijon,Dijon,DIJ,Dijon,#FFA500,1qd0wvt30rlswa4g6nu4na660,National 1 (France),1065,0.0,0.0,0.0,0.0,0.0,0.0,0,0,0,0,0,2130,15,DIJ vs VFC,true,false,true,false,false,2025-12-05,au0kr2ri55lrn6s0s0hh1wkr8,g8cvbv4wrvq7uf4347yjkd35,1996,1996,Dijon,Valenciennes,VFC,4,1,Played,W 4-1,2585381,DIJ vs VFC (2025-12-05)
221,d79cmam5svw9j2mplbu9kut7p,6785,Orléans,Orléans,ORL,Orléans,#FFFF00,1qd0wvt30rlswa4g6nu4na660,National 1 (France),1073,0.0,0.0,0.0,0.0,0.0,0.0,0,0,0,0,0,6785,15,QRM vs ORL,false,true,true,false,false,2025-12-05,av1thrilw9z8zdsarb7n5rok4,8ng94h4147jxd5oxgoaa95yl4,2541,2541,Orléans,Quevilly-Rouen Métropole,QRM,1,0,Played,W 1-0,2585384,QRM vs ORL (2025-12-05)
221,d9kwaceoj54pfprd6oc2hwae6,693,Sochaux,Sochaux,SOC,Sochaux,#FFFF00,1qd0wvt30rlswa4g6nu4na660,National 1 (France),1096,0.0,0.0,0.0,0.0,0.0,0.0,0,0,0,0,0,693,15,BBP vs SOC,false,true,true,false,false,2025-12-05,aucx8dwvzz4lwou2612bs6ntg,bizl0ptma24fjoafuqclu8k5b,3312,3312,Sochaux,Bourg-Péronnas,BBP,3,1,Played,W 3-1,2585382,BBP vs SOC (2025-12-05)
221,9ri5xhi5qaozcqb7svbvcc4eu,14035,Le Puy Foot,Le Puy Foot,PUY,Le Puy,,1qd0wvt30rlswa4g6nu4na660,National 1 (France),1108,0.0,0.0,0.0,0.0,0.0,0.0,0,0,0,0,0,14035,15,VRS vs PUY,false,true,true,false,false,2025-12-05,avea5pvivsj2sxc7x2o0ox9g4,dse1eu8y1o3t00rlbxpgo084c,5427,5427,Le Puy Foot,Versailles,VRS,3,0,Played,W 3-0,2585385,VRS vs PUY (2025-12-05)
221,36bxy6avfw3xp8ocj9frad4b7,3315,Villefranche,Villefranche,VIL,Villefranche,,1qd0wvt30rlswa4g6nu4na660,National 1 (France),1071,0.0,0.0,0.0,0.0,0.0,0.0,0,0,0,0,0,3315,15,VIL vs CAE,true,false,false,true,false,2025-12-05,avqkni30iwrx6fod8mgkwpr84,ab80vest6tgco121qtfyphq7c,1028,1028,Villefranche,Caen,CAE,1,1,Played,T 1-1,2585386,VIL vs CAE (2025-12-05)
221,rv0okxl2zv1ow3me605xl8b5,3271,Stade Briochin,Stade Briochin,SBR,Stade Briochin,,1qd0wvt30rlswa4g6nu4na660,National 1 (France),1034,0.0,0.0,0.0,0.0,0.0,0.0,0,0,0,0,0,3271,15,CON vs SBR,false,true,false,true,false,2025-12-05,atoa5aj4z8bh11ru1qsoba5n8,33u2ehjypfcu7w3s0pul7tmm7,3272,3272,Stade Briochin,Concarneau,CON,2,2,Played,T 2-2,2585380,CON vs SBR (2025-12-05)
221,g8cvbv4wrvq7uf4347yjkd35,1996,Valenciennes,Valenciennes,VFC,Valenciennes,#FF0000,1qd0wvt30rlswa4g6nu4na660,National 1 (France),1065,0.0,0.0,0.0,0.0,0.0,0.0,0,0,0,0,0,1996,15,DIJ vs VFC,false,true,false,false,true,2025-12-05,au0kr2ri55lrn6s0s0hh1wkr8,79dc2mv3x269nhix3mkhc5wfu,2130,2130,Valenciennes,Dijon,DIJ,1,4,Played,L 1-4,2585381,DIJ vs VFC (2025-12-05)
221,b97a5km6rb42fv858volubsi6,2340,Rouen,Rouen,ROU,Rouen,,1qd0wvt30rlswa4g6nu4na660,National 1 (France),999,0.0,0.0,0.0,0.0,0.0,0.0,0,0,0,0,0,2340,15,AUB vs ROU,false,true,false,true,false,2025-12-05,aszi1p75u921hlzdq43f8nswk,7gytr31zcn0gcewa7pu1ed5hz,9600,9600,Rouen,Aubagne,AUB,1,1,Played,T 1-1,2585378,AUB vs ROU (2025-12-05)
221,33u2ehjypfcu7w3s0pul7tmm7,3272,Concarneau,Concarneau,CON,Concarneau,,1qd0wvt30rlswa4g6nu4na660,National 1 (France),1054,0.0,0.0,0.0,0.0,0.0,0.0,0,0,0,0,0,3272,15,CON vs SBR,true,false,false,true,false,2025-12-05,atoa5aj4z8bh11ru1qsoba5n8,rv0okxl2zv1ow3me605xl8b5,3271,3271,Concarneau,Stade Briochin,SBR,2,2,Played,T 2-2,2585380,CON vs SBR (2025-12-05)
221,ab80vest6tgco121qtfyphq7c,1028,Caen,Caen,CAE,Caen,#000099,1qd0wvt30rlswa4g6nu4na660,National 1 (France),1071,0.0,0.0,0.0,0.0,0.0,0.0,0,0,0,0,0,1028,15,VIL vs CAE,false,true,false,true,false,2025-12-05,avqkni30iwrx6fod8mgkwpr84,36bxy6avfw3xp8ocj9frad4b7,3315,3315,Caen,Villefranche,VIL,1,1,Played,T 1-1,2585386,VIL vs CAE (2025-12-05)
221,8ng94h4147jxd5oxgoaa95yl4,2541,Quevilly-Rouen Métropole,Quevilly-Rouen Métropole,QRM,QRM,#FFFF00,1qd0wvt30rlswa4g6nu4na660,National 1 (France),1073,0.0,0.0,0.0,0.0,0.0,0.0,0,0,0,0,0,2541,15,QRM vs ORL,true,false,false,false,true,2025-12-05,av1thrilw9z8zdsarb7n5rok4,d79cmam5svw9j2mplbu9kut7p,6785,6785,Quevilly-Rouen Métropole,Orléans,ORL,0,1,Played,L 0-1,2585384,QRM vs ORL (2025-12-05)
221,1z48unyzdkaoulghr9kkgt1g0,12199,Fleury,Fleury,FLE,Fleury,,1qd0wvt30rlswa4g6nu4na660,National 1 (France),1043,0.0,0.0,0.0,0.0,0.0,0.0,0,0,0,0,0,12199,15,FLE vs CHA,true,false,false,true,false,2025-12-05,aupf7bfrlx8ikuec13y6ztk44,67igj3fctu1kt6ntkrwpdt72i,921,921,Fleury,Châteauroux,CHA,0,0,Played,T 0-0,2585383,FLE vs CHA (2025-12-05)
221,bizl0ptma24fjoafuqclu8k5b,3312,Bourg-Péronnas,Bourg-Péronnas,BBP,Bourg-Péronnas,#0000ff,1qd0wvt30rlswa4g6nu4na660,National 1 (France),1096,0.0,0.0,0.0,0.0,0.0,0.0,0,0,0,0,0,3312,15,BBP vs SOC,true,false,false,false,true,2025-12-05,aucx8dwvzz4lwou2612bs6ntg,d9kwaceoj54pfprd6oc2hwae6,693,693,Bourg-Péronnas,Sochaux,SOC,1,3,Played,L 1-3,2585382,BBP vs SOC (2025-12-05)
221,dse1eu8y1o3t00rlbxpgo084c,5427,Versailles,Versailles,VRS,Versailles,,1qd0wvt30rlswa4g6nu4na660,National 1 (France),1044,0.0,0.0,0.0,0.0,0.0,0.0,0,0,0,0,0,5427,15,VRS vs PUY,true,false,false,false,true,2025-12-05,avea5pvivsj2sxc7x2o0ox9g4,9ri5xhi5qaozcqb7svbvcc4eu,14035,14035,Versailles,Le Puy Foot,PUY,0,3,Played,L 0-3,2585385,VRS vs PUY (2025-12-05)
